"BatchId","ReviewRowId","BacklogId","SourceId","Priority","HistoricalStatus","Category","System","Files","OriginalEvidence","Risk","RecommendedFix","Decision","SourceEvidence","Action","Verification","ReviewedBatchId","ReviewedAt","Notes"
"POST-BATCH-G","PBG-001","RB-00001","P10-F00001","P0","Ready","Project include drift","Custom:XMLSpawner","","MovedGumpFolder; count=20; evidence=phase-02-missing-compile-targets-classified.csv","Build","Review each include in the group, then remove stale entries or correct paths in a focused Scripts.csproj batch.","FixedProjectTruthDrift","ScriptsProjectTruth after POST-BATCH-G: project-truth-register.csv has 6581 Scripts.csproj compile includes, 6581 script source files, 0 missing compile targets, 0 unincluded source files, and 0 project cleanup backlog groups.","Reconciled the historical project include drift row to the already completed ScriptsProjectTruth and IDEProjectHygiene repairs; no source, project, runtime, namespace, serialization, XML, config, or file-location change was made in POST-BATCH-G.","Passed: New-ProjectTruthRegister.ps1 regenerated Phase 2 project truth; missing-compile-targets.csv, unincluded-source-files.csv, project-cleanup-backlog.csv, and phase-scoped equivalents are zero rows.","POST-BATCH-G-01A","2026-06-13T20:17:10.5956233-05:00","This is IDE/project-hygiene reconciliation, not live runtime script compile proof. Direct Scripts.csproj Debug/AnyCPU keeps the known standalone Server.csproj platform limitation; maintained ConficturaUO.sln Debug/Any CPU previously passed with warnings after IDEProjectHygiene repair."
"POST-BATCH-G","PBG-002","RB-00002","P10-F00002","P0","Ready","Project include drift","Trades:Bulk Orders","","MovedGumpFolder; count=7; evidence=phase-02-missing-compile-targets-classified.csv","Build","Review each include in the group, then remove stale entries or correct paths in a focused Scripts.csproj batch.","FixedProjectTruthDrift","ScriptsProjectTruth after POST-BATCH-G: project-truth-register.csv has 6581 Scripts.csproj compile includes, 6581 script source files, 0 missing compile targets, 0 unincluded source files, and 0 project cleanup backlog groups.","Reconciled the historical project include drift row to the already completed ScriptsProjectTruth and IDEProjectHygiene repairs; no source, project, runtime, namespace, serialization, XML, config, or file-location change was made in POST-BATCH-G.","Passed: New-ProjectTruthRegister.ps1 regenerated Phase 2 project truth; missing-compile-targets.csv, unincluded-source-files.csv, project-cleanup-backlog.csv, and phase-scoped equivalents are zero rows.","POST-BATCH-G-01A","2026-06-13T20:17:10.5956233-05:00","This is IDE/project-hygiene reconciliation, not live runtime script compile proof. Direct Scripts.csproj Debug/AnyCPU keeps the known standalone Server.csproj platform limitation; maintained ConficturaUO.sln Debug/Any CPU previously passed with warnings after IDEProjectHygiene repair."
"POST-BATCH-G","PBG-003","RB-00003","P10-F00003","P0","Ready","Project include drift","Items:Houses","","MovedGumpFolder; count=7; evidence=phase-02-missing-compile-targets-classified.csv","Build","Review each include in the group, then remove stale entries or correct paths in a focused Scripts.csproj batch.","FixedProjectTruthDrift","ScriptsProjectTruth after POST-BATCH-G: project-truth-register.csv has 6581 Scripts.csproj compile includes, 6581 script source files, 0 missing compile targets, 0 unincluded source files, and 0 project cleanup backlog groups.","Reconciled the historical project include drift row to the already completed ScriptsProjectTruth and IDEProjectHygiene repairs; no source, project, runtime, namespace, serialization, XML, config, or file-location change was made in POST-BATCH-G.","Passed: New-ProjectTruthRegister.ps1 regenerated Phase 2 project truth; missing-compile-targets.csv, unincluded-source-files.csv, project-cleanup-backlog.csv, and phase-scoped equivalents are zero rows.","POST-BATCH-G-01A","2026-06-13T20:17:10.5956233-05:00","This is IDE/project-hygiene reconciliation, not live runtime script compile proof. Direct Scripts.csproj Debug/AnyCPU keeps the known standalone Server.csproj platform limitation; maintained ConficturaUO.sln Debug/Any CPU previously passed with warnings after IDEProjectHygiene repair."
"POST-BATCH-G","PBG-004","RB-00004","P10-F00004","P0","Ready","Project include drift","Items:Misc","","MovedGumpFolder; count=5; evidence=phase-02-missing-compile-targets-classified.csv","Build","Review each include in the group, then remove stale entries or correct paths in a focused Scripts.csproj batch.","FixedProjectTruthDrift","ScriptsProjectTruth after POST-BATCH-G: project-truth-register.csv has 6581 Scripts.csproj compile includes, 6581 script source files, 0 missing compile targets, 0 unincluded source files, and 0 project cleanup backlog groups.","Reconciled the historical project include drift row to the already completed ScriptsProjectTruth and IDEProjectHygiene repairs; no source, project, runtime, namespace, serialization, XML, config, or file-location change was made in POST-BATCH-G.","Passed: New-ProjectTruthRegister.ps1 regenerated Phase 2 project truth; missing-compile-targets.csv, unincluded-source-files.csv, project-cleanup-backlog.csv, and phase-scoped equivalents are zero rows.","POST-BATCH-G-01A","2026-06-13T20:17:10.5956233-05:00","This is IDE/project-hygiene reconciliation, not live runtime script compile proof. Direct Scripts.csproj Debug/AnyCPU keeps the known standalone Server.csproj platform limitation; maintained ConficturaUO.sln Debug/Any CPU previously passed with warnings after IDEProjectHygiene repair."
"POST-BATCH-G","PBG-005","RB-00005","P10-F00005","P0","Ready","Project include drift","System:Help","","MovedGumpFolder; count=5; evidence=phase-02-missing-compile-targets-classified.csv","Build","Review each include in the group, then remove stale entries or correct paths in a focused Scripts.csproj batch.","FixedProjectTruthDrift","ScriptsProjectTruth after POST-BATCH-G: project-truth-register.csv has 6581 Scripts.csproj compile includes, 6581 script source files, 0 missing compile targets, 0 unincluded source files, and 0 project cleanup backlog groups.","Reconciled the historical project include drift row to the already completed ScriptsProjectTruth and IDEProjectHygiene repairs; no source, project, runtime, namespace, serialization, XML, config, or file-location change was made in POST-BATCH-G.","Passed: New-ProjectTruthRegister.ps1 regenerated Phase 2 project truth; missing-compile-targets.csv, unincluded-source-files.csv, project-cleanup-backlog.csv, and phase-scoped equivalents are zero rows.","POST-BATCH-G-01A","2026-06-13T20:17:10.5956233-05:00","This is IDE/project-hygiene reconciliation, not live runtime script compile proof. Direct Scripts.csproj Debug/AnyCPU keeps the known standalone Server.csproj platform limitation; maintained ConficturaUO.sln Debug/Any CPU previously passed with warnings after IDEProjectHygiene repair."
"POST-BATCH-G","PBG-006","RB-00006","P10-F00006","P0","Ready","Project include drift","System:Commands","","MovedGumpFolder; count=5; evidence=phase-02-missing-compile-targets-classified.csv","Build","Review each include in the group, then remove stale entries or correct paths in a focused Scripts.csproj batch.","FixedProjectTruthDrift","ScriptsProjectTruth after POST-BATCH-G: project-truth-register.csv has 6581 Scripts.csproj compile includes, 6581 script source files, 0 missing compile targets, 0 unincluded source files, and 0 project cleanup backlog groups.","Reconciled the historical project include drift row to the already completed ScriptsProjectTruth and IDEProjectHygiene repairs; no source, project, runtime, namespace, serialization, XML, config, or file-location change was made in POST-BATCH-G.","Passed: New-ProjectTruthRegister.ps1 regenerated Phase 2 project truth; missing-compile-targets.csv, unincluded-source-files.csv, project-cleanup-backlog.csv, and phase-scoped equivalents are zero rows.","POST-BATCH-G-01A","2026-06-13T20:17:10.5956233-05:00","This is IDE/project-hygiene reconciliation, not live runtime script compile proof. Direct Scripts.csproj Debug/AnyCPU keeps the known standalone Server.csproj platform limitation; maintained ConficturaUO.sln Debug/Any CPU previously passed with warnings after IDEProjectHygiene repair."
"POST-BATCH-G","PBG-007","RB-00007","P10-F00007","P0","Ready","Project include drift","Trades:Gardening","","MovedGumpFolder; count=4; evidence=phase-02-missing-compile-targets-classified.csv","Build","Review each include in the group, then remove stale entries or correct paths in a focused Scripts.csproj batch.","FixedProjectTruthDrift","ScriptsProjectTruth after POST-BATCH-G: project-truth-register.csv has 6581 Scripts.csproj compile includes, 6581 script source files, 0 missing compile targets, 0 unincluded source files, and 0 project cleanup backlog groups.","Reconciled the historical project include drift row to the already completed ScriptsProjectTruth and IDEProjectHygiene repairs; no source, project, runtime, namespace, serialization, XML, config, or file-location change was made in POST-BATCH-G.","Passed: New-ProjectTruthRegister.ps1 regenerated Phase 2 project truth; missing-compile-targets.csv, unincluded-source-files.csv, project-cleanup-backlog.csv, and phase-scoped equivalents are zero rows.","POST-BATCH-G-01A","2026-06-13T20:17:10.5956233-05:00","This is IDE/project-hygiene reconciliation, not live runtime script compile proof. Direct Scripts.csproj Debug/AnyCPU keeps the known standalone Server.csproj platform limitation; maintained ConficturaUO.sln Debug/Any CPU previously passed with warnings after IDEProjectHygiene repair."
"POST-BATCH-G","PBG-008","RB-00008","P10-F00008","P0","Ready","Project include drift","Trades:Core","","MovedGumpFolder; count=3; evidence=phase-02-missing-compile-targets-classified.csv","Build","Review each include in the group, then remove stale entries or correct paths in a focused Scripts.csproj batch.","FixedProjectTruthDrift","ScriptsProjectTruth after POST-BATCH-G: project-truth-register.csv has 6581 Scripts.csproj compile includes, 6581 script source files, 0 missing compile targets, 0 unincluded source files, and 0 project cleanup backlog groups.","Reconciled the historical project include drift row to the already completed ScriptsProjectTruth and IDEProjectHygiene repairs; no source, project, runtime, namespace, serialization, XML, config, or file-location change was made in POST-BATCH-G.","Passed: New-ProjectTruthRegister.ps1 regenerated Phase 2 project truth; missing-compile-targets.csv, unincluded-source-files.csv, project-cleanup-backlog.csv, and phase-scoped equivalents are zero rows.","POST-BATCH-G-01A","2026-06-13T20:17:10.5956233-05:00","This is IDE/project-hygiene reconciliation, not live runtime script compile proof. Direct Scripts.csproj Debug/AnyCPU keeps the known standalone Server.csproj platform limitation; maintained ConficturaUO.sln Debug/Any CPU previously passed with warnings after IDEProjectHygiene repair."
"POST-BATCH-G","PBG-009","RB-00009","P10-F00009","P0","Ready","Project include drift","Items:Boats","","MovedGumpFolder; count=3; evidence=phase-02-missing-compile-targets-classified.csv","Build","Review each include in the group, then remove stale entries or correct paths in a focused Scripts.csproj batch.","FixedProjectTruthDrift","ScriptsProjectTruth after POST-BATCH-G: project-truth-register.csv has 6581 Scripts.csproj compile includes, 6581 script source files, 0 missing compile targets, 0 unincluded source files, and 0 project cleanup backlog groups.","Reconciled the historical project include drift row to the already completed ScriptsProjectTruth and IDEProjectHygiene repairs; no source, project, runtime, namespace, serialization, XML, config, or file-location change was made in POST-BATCH-G.","Passed: New-ProjectTruthRegister.ps1 regenerated Phase 2 project truth; missing-compile-targets.csv, unincluded-source-files.csv, project-cleanup-backlog.csv, and phase-scoped equivalents are zero rows.","POST-BATCH-G-01A","2026-06-13T20:17:10.5956233-05:00","This is IDE/project-hygiene reconciliation, not live runtime script compile proof. Direct Scripts.csproj Debug/AnyCPU keeps the known standalone Server.csproj platform limitation; maintained ConficturaUO.sln Debug/Any CPU previously passed with warnings after IDEProjectHygiene repair."
"POST-BATCH-G","PBG-010","RB-00010","P10-F00010","P0","Ready","Project include drift","Items:Gifts","","MovedGumpFolder; count=3; evidence=phase-02-missing-compile-targets-classified.csv","Build","Review each include in the group, then remove stale entries or correct paths in a focused Scripts.csproj batch.","FixedProjectTruthDrift","ScriptsProjectTruth after POST-BATCH-G: project-truth-register.csv has 6581 Scripts.csproj compile includes, 6581 script source files, 0 missing compile targets, 0 unincluded source files, and 0 project cleanup backlog groups.","Reconciled the historical project include drift row to the already completed ScriptsProjectTruth and IDEProjectHygiene repairs; no source, project, runtime, namespace, serialization, XML, config, or file-location change was made in POST-BATCH-G.","Passed: New-ProjectTruthRegister.ps1 regenerated Phase 2 project truth; missing-compile-targets.csv, unincluded-source-files.csv, project-cleanup-backlog.csv, and phase-scoped equivalents are zero rows.","POST-BATCH-G-01A","2026-06-13T20:17:10.5956233-05:00","This is IDE/project-hygiene reconciliation, not live runtime script compile proof. Direct Scripts.csproj Debug/AnyCPU keeps the known standalone Server.csproj platform limitation; maintained ConficturaUO.sln Debug/Any CPU previously passed with warnings after IDEProjectHygiene repair."
"POST-BATCH-G","PBG-011","RB-00011","P10-F00011","P0","Ready","Project include drift","Custom:Vhaerun's CRL Homestead System [2.0]","","MovedGumpFolder; count=2; evidence=phase-02-missing-compile-targets-classified.csv","Build","Review each include in the group, then remove stale entries or correct paths in a focused Scripts.csproj batch.","FixedProjectTruthDrift","ScriptsProjectTruth after POST-BATCH-G: project-truth-register.csv has 6581 Scripts.csproj compile includes, 6581 script source files, 0 missing compile targets, 0 unincluded source files, and 0 project cleanup backlog groups.","Reconciled the historical project include drift row to the already completed ScriptsProjectTruth and IDEProjectHygiene repairs; no source, project, runtime, namespace, serialization, XML, config, or file-location change was made in POST-BATCH-G.","Passed: New-ProjectTruthRegister.ps1 regenerated Phase 2 project truth; missing-compile-targets.csv, unincluded-source-files.csv, project-cleanup-backlog.csv, and phase-scoped equivalents are zero rows.","POST-BATCH-G-01A","2026-06-13T20:17:10.5956233-05:00","This is IDE/project-hygiene reconciliation, not live runtime script compile proof. Direct Scripts.csproj Debug/AnyCPU keeps the known standalone Server.csproj platform limitation; maintained ConficturaUO.sln Debug/Any CPU previously passed with warnings after IDEProjectHygiene repair."
"POST-BATCH-G","PBG-012","RB-00012","P10-F00012","P0","Ready","Project include drift","Custom:Government System","","MovedGumpFolder; count=1; evidence=phase-02-missing-compile-targets-classified.csv","Build","Review each include in the group, then remove stale entries or correct paths in a focused Scripts.csproj batch.","FixedProjectTruthDrift","ScriptsProjectTruth after POST-BATCH-G: project-truth-register.csv has 6581 Scripts.csproj compile includes, 6581 script source files, 0 missing compile targets, 0 unincluded source files, and 0 project cleanup backlog groups.","Reconciled the historical project include drift row to the already completed ScriptsProjectTruth and IDEProjectHygiene repairs; no source, project, runtime, namespace, serialization, XML, config, or file-location change was made in POST-BATCH-G.","Passed: New-ProjectTruthRegister.ps1 regenerated Phase 2 project truth; missing-compile-targets.csv, unincluded-source-files.csv, project-cleanup-backlog.csv, and phase-scoped equivalents are zero rows.","POST-BATCH-G-01A","2026-06-13T20:17:10.5956233-05:00","This is IDE/project-hygiene reconciliation, not live runtime script compile proof. Direct Scripts.csproj Debug/AnyCPU keeps the known standalone Server.csproj platform limitation; maintained ConficturaUO.sln Debug/Any CPU previously passed with warnings after IDEProjectHygiene repair."
"POST-BATCH-G","PBG-013","RB-00013","P10-F00013","P0","Ready","Project include drift","Quests:Museum","","MovedGumpFolder; count=1; evidence=phase-02-missing-compile-targets-classified.csv","Build","Review each include in the group, then remove stale entries or correct paths in a focused Scripts.csproj batch.","FixedProjectTruthDrift","ScriptsProjectTruth after POST-BATCH-G: project-truth-register.csv has 6581 Scripts.csproj compile includes, 6581 script source files, 0 missing compile targets, 0 unincluded source files, and 0 project cleanup backlog groups.","Reconciled the historical project include drift row to the already completed ScriptsProjectTruth and IDEProjectHygiene repairs; no source, project, runtime, namespace, serialization, XML, config, or file-location change was made in POST-BATCH-G.","Passed: New-ProjectTruthRegister.ps1 regenerated Phase 2 project truth; missing-compile-targets.csv, unincluded-source-files.csv, project-cleanup-backlog.csv, and phase-scoped equivalents are zero rows.","POST-BATCH-G-01A","2026-06-13T20:17:10.5956233-05:00","This is IDE/project-hygiene reconciliation, not live runtime script compile proof. Direct Scripts.csproj Debug/AnyCPU keeps the known standalone Server.csproj platform limitation; maintained ConficturaUO.sln Debug/Any CPU previously passed with warnings after IDEProjectHygiene repair."
"POST-BATCH-G","PBG-014","RB-00014","P10-F00014","P0","Ready","Project include drift","Trades:Apiculture","","MovedGumpFolder; count=1; evidence=phase-02-missing-compile-targets-classified.csv","Build","Review each include in the group, then remove stale entries or correct paths in a focused Scripts.csproj batch.","FixedProjectTruthDrift","ScriptsProjectTruth after POST-BATCH-G: project-truth-register.csv has 6581 Scripts.csproj compile includes, 6581 script source files, 0 missing compile targets, 0 unincluded source files, and 0 project cleanup backlog groups.","Reconciled the historical project include drift row to the already completed ScriptsProjectTruth and IDEProjectHygiene repairs; no source, project, runtime, namespace, serialization, XML, config, or file-location change was made in POST-BATCH-G.","Passed: New-ProjectTruthRegister.ps1 regenerated Phase 2 project truth; missing-compile-targets.csv, unincluded-source-files.csv, project-cleanup-backlog.csv, and phase-scoped equivalents are zero rows.","POST-BATCH-G-01A","2026-06-13T20:17:10.5956233-05:00","This is IDE/project-hygiene reconciliation, not live runtime script compile proof. Direct Scripts.csproj Debug/AnyCPU keeps the known standalone Server.csproj platform limitation; maintained ConficturaUO.sln Debug/Any CPU previously passed with warnings after IDEProjectHygiene repair."
"POST-BATCH-G","PBG-015","RB-00015","P10-F00015","P0","Ready","Project include drift","Quests:Epic","","MovedGumpFolder; count=1; evidence=phase-02-missing-compile-targets-classified.csv","Build","Review each include in the group, then remove stale entries or correct paths in a focused Scripts.csproj batch.","FixedProjectTruthDrift","ScriptsProjectTruth after POST-BATCH-G: project-truth-register.csv has 6581 Scripts.csproj compile includes, 6581 script source files, 0 missing compile targets, 0 unincluded source files, and 0 project cleanup backlog groups.","Reconciled the historical project include drift row to the already completed ScriptsProjectTruth and IDEProjectHygiene repairs; no source, project, runtime, namespace, serialization, XML, config, or file-location change was made in POST-BATCH-G.","Passed: New-ProjectTruthRegister.ps1 regenerated Phase 2 project truth; missing-compile-targets.csv, unincluded-source-files.csv, project-cleanup-backlog.csv, and phase-scoped equivalents are zero rows.","POST-BATCH-G-01A","2026-06-13T20:17:10.5956233-05:00","This is IDE/project-hygiene reconciliation, not live runtime script compile proof. Direct Scripts.csproj Debug/AnyCPU keeps the known standalone Server.csproj platform limitation; maintained ConficturaUO.sln Debug/Any CPU previously passed with warnings after IDEProjectHygiene repair."
"POST-BATCH-G","PBG-016","RB-00016","P10-F00016","P0","Ready","Project include drift","System:Skills","","MovedGumpFolder; count=1; evidence=phase-02-missing-compile-targets-classified.csv","Build","Review each include in the group, then remove stale entries or correct paths in a focused Scripts.csproj batch.","FixedProjectTruthDrift","ScriptsProjectTruth after POST-BATCH-G: project-truth-register.csv has 6581 Scripts.csproj compile includes, 6581 script source files, 0 missing compile targets, 0 unincluded source files, and 0 project cleanup backlog groups.","Reconciled the historical project include drift row to the already completed ScriptsProjectTruth and IDEProjectHygiene repairs; no source, project, runtime, namespace, serialization, XML, config, or file-location change was made in POST-BATCH-G.","Passed: New-ProjectTruthRegister.ps1 regenerated Phase 2 project truth; missing-compile-targets.csv, unincluded-source-files.csv, project-cleanup-backlog.csv, and phase-scoped equivalents are zero rows.","POST-BATCH-G-01A","2026-06-13T20:17:10.5956233-05:00","This is IDE/project-hygiene reconciliation, not live runtime script compile proof. Direct Scripts.csproj Debug/AnyCPU keeps the known standalone Server.csproj platform limitation; maintained ConficturaUO.sln Debug/Any CPU previously passed with warnings after IDEProjectHygiene repair."
"POST-BATCH-G","PBG-017","RB-00017","P10-F00017","P0","Ready","Project include drift","Magic:Syth","","MovedGumpFolder; count=1; evidence=phase-02-missing-compile-targets-classified.csv","Build","Review each include in the group, then remove stale entries or correct paths in a focused Scripts.csproj batch.","FixedProjectTruthDrift","ScriptsProjectTruth after POST-BATCH-G: project-truth-register.csv has 6581 Scripts.csproj compile includes, 6581 script source files, 0 missing compile targets, 0 unincluded source files, and 0 project cleanup backlog groups.","Reconciled the historical project include drift row to the already completed ScriptsProjectTruth and IDEProjectHygiene repairs; no source, project, runtime, namespace, serialization, XML, config, or file-location change was made in POST-BATCH-G.","Passed: New-ProjectTruthRegister.ps1 regenerated Phase 2 project truth; missing-compile-targets.csv, unincluded-source-files.csv, project-cleanup-backlog.csv, and phase-scoped equivalents are zero rows.","POST-BATCH-G-01A","2026-06-13T20:17:10.5956233-05:00","This is IDE/project-hygiene reconciliation, not live runtime script compile proof. Direct Scripts.csproj Debug/AnyCPU keeps the known standalone Server.csproj platform limitation; maintained ConficturaUO.sln Debug/Any CPU previously passed with warnings after IDEProjectHygiene repair."
"POST-BATCH-G","PBG-018","RB-00018","P10-F00018","P0","Ready","Project include drift","Magic:Holy Man","","MovedGumpFolder; count=1; evidence=phase-02-missing-compile-targets-classified.csv","Build","Review each include in the group, then remove stale entries or correct paths in a focused Scripts.csproj batch.","FixedProjectTruthDrift","ScriptsProjectTruth after POST-BATCH-G: project-truth-register.csv has 6581 Scripts.csproj compile includes, 6581 script source files, 0 missing compile targets, 0 unincluded source files, and 0 project cleanup backlog groups.","Reconciled the historical project include drift row to the already completed ScriptsProjectTruth and IDEProjectHygiene repairs; no source, project, runtime, namespace, serialization, XML, config, or file-location change was made in POST-BATCH-G.","Passed: New-ProjectTruthRegister.ps1 regenerated Phase 2 project truth; missing-compile-targets.csv, unincluded-source-files.csv, project-cleanup-backlog.csv, and phase-scoped equivalents are zero rows.","POST-BATCH-G-01A","2026-06-13T20:17:10.5956233-05:00","This is IDE/project-hygiene reconciliation, not live runtime script compile proof. Direct Scripts.csproj Debug/AnyCPU keeps the known standalone Server.csproj platform limitation; maintained ConficturaUO.sln Debug/Any CPU previously passed with warnings after IDEProjectHygiene repair."
"POST-BATCH-G","PBG-019","RB-00019","P10-F00019","P0","Ready","Project include drift","Magic:Mystic","","MovedGumpFolder; count=1; evidence=phase-02-missing-compile-targets-classified.csv","Build","Review each include in the group, then remove stale entries or correct paths in a focused Scripts.csproj batch.","FixedProjectTruthDrift","ScriptsProjectTruth after POST-BATCH-G: project-truth-register.csv has 6581 Scripts.csproj compile includes, 6581 script source files, 0 missing compile targets, 0 unincluded source files, and 0 project cleanup backlog groups.","Reconciled the historical project include drift row to the already completed ScriptsProjectTruth and IDEProjectHygiene repairs; no source, project, runtime, namespace, serialization, XML, config, or file-location change was made in POST-BATCH-G.","Passed: New-ProjectTruthRegister.ps1 regenerated Phase 2 project truth; missing-compile-targets.csv, unincluded-source-files.csv, project-cleanup-backlog.csv, and phase-scoped equivalents are zero rows.","POST-BATCH-G-01A","2026-06-13T20:17:10.5956233-05:00","This is IDE/project-hygiene reconciliation, not live runtime script compile proof. Direct Scripts.csproj Debug/AnyCPU keeps the known standalone Server.csproj platform limitation; maintained ConficturaUO.sln Debug/Any CPU previously passed with warnings after IDEProjectHygiene repair."
"POST-BATCH-G","PBG-020","RB-00020","P10-F00020","P0","Ready","Project include drift","Magic:Jedi","","MovedGumpFolder; count=1; evidence=phase-02-missing-compile-targets-classified.csv","Build","Review each include in the group, then remove stale entries or correct paths in a focused Scripts.csproj batch.","FixedProjectTruthDrift","ScriptsProjectTruth after POST-BATCH-G: project-truth-register.csv has 6581 Scripts.csproj compile includes, 6581 script source files, 0 missing compile targets, 0 unincluded source files, and 0 project cleanup backlog groups.","Reconciled the historical project include drift row to the already completed ScriptsProjectTruth and IDEProjectHygiene repairs; no source, project, runtime, namespace, serialization, XML, config, or file-location change was made in POST-BATCH-G.","Passed: New-ProjectTruthRegister.ps1 regenerated Phase 2 project truth; missing-compile-targets.csv, unincluded-source-files.csv, project-cleanup-backlog.csv, and phase-scoped equivalents are zero rows.","POST-BATCH-G-01A","2026-06-13T20:17:10.5956233-05:00","This is IDE/project-hygiene reconciliation, not live runtime script compile proof. Direct Scripts.csproj Debug/AnyCPU keeps the known standalone Server.csproj platform limitation; maintained ConficturaUO.sln Debug/Any CPU previously passed with warnings after IDEProjectHygiene repair."
"POST-BATCH-G","PBG-021","RB-00021","P10-F00021","P0","Ready","Project include drift","Magic:Elementalism","","MovedGumpFolder; count=1; evidence=phase-02-missing-compile-targets-classified.csv","Build","Review each include in the group, then remove stale entries or correct paths in a focused Scripts.csproj batch.","FixedProjectTruthDrift","ScriptsProjectTruth after POST-BATCH-G: project-truth-register.csv has 6581 Scripts.csproj compile includes, 6581 script source files, 0 missing compile targets, 0 unincluded source files, and 0 project cleanup backlog groups.","Reconciled the historical project include drift row to the already completed ScriptsProjectTruth and IDEProjectHygiene repairs; no source, project, runtime, namespace, serialization, XML, config, or file-location change was made in POST-BATCH-G.","Passed: New-ProjectTruthRegister.ps1 regenerated Phase 2 project truth; missing-compile-targets.csv, unincluded-source-files.csv, project-cleanup-backlog.csv, and phase-scoped equivalents are zero rows.","POST-BATCH-G-01A","2026-06-13T20:17:10.5956233-05:00","This is IDE/project-hygiene reconciliation, not live runtime script compile proof. Direct Scripts.csproj Debug/AnyCPU keeps the known standalone Server.csproj platform limitation; maintained ConficturaUO.sln Debug/Any CPU previously passed with warnings after IDEProjectHygiene repair."
"POST-BATCH-G","PBG-022","RB-00022","P10-F00022","P0","Ready","Project include drift","Magic:Death Knight","","MovedGumpFolder; count=1; evidence=phase-02-missing-compile-targets-classified.csv","Build","Review each include in the group, then remove stale entries or correct paths in a focused Scripts.csproj batch.","FixedProjectTruthDrift","ScriptsProjectTruth after POST-BATCH-G: project-truth-register.csv has 6581 Scripts.csproj compile includes, 6581 script source files, 0 missing compile targets, 0 unincluded source files, and 0 project cleanup backlog groups.","Reconciled the historical project include drift row to the already completed ScriptsProjectTruth and IDEProjectHygiene repairs; no source, project, runtime, namespace, serialization, XML, config, or file-location change was made in POST-BATCH-G.","Passed: New-ProjectTruthRegister.ps1 regenerated Phase 2 project truth; missing-compile-targets.csv, unincluded-source-files.csv, project-cleanup-backlog.csv, and phase-scoped equivalents are zero rows.","POST-BATCH-G-01A","2026-06-13T20:17:10.5956233-05:00","This is IDE/project-hygiene reconciliation, not live runtime script compile proof. Direct Scripts.csproj Debug/AnyCPU keeps the known standalone Server.csproj platform limitation; maintained ConficturaUO.sln Debug/Any CPU previously passed with warnings after IDEProjectHygiene repair."
"POST-BATCH-G","PBG-023","RB-00023","P10-F00023","P0","Ready","Project include drift","Magic:Bard","","MovedGumpFolder; count=1; evidence=phase-02-missing-compile-targets-classified.csv","Build","Review each include in the group, then remove stale entries or correct paths in a focused Scripts.csproj batch.","FixedProjectTruthDrift","ScriptsProjectTruth after POST-BATCH-G: project-truth-register.csv has 6581 Scripts.csproj compile includes, 6581 script source files, 0 missing compile targets, 0 unincluded source files, and 0 project cleanup backlog groups.","Reconciled the historical project include drift row to the already completed ScriptsProjectTruth and IDEProjectHygiene repairs; no source, project, runtime, namespace, serialization, XML, config, or file-location change was made in POST-BATCH-G.","Passed: New-ProjectTruthRegister.ps1 regenerated Phase 2 project truth; missing-compile-targets.csv, unincluded-source-files.csv, project-cleanup-backlog.csv, and phase-scoped equivalents are zero rows.","POST-BATCH-G-01A","2026-06-13T20:17:10.5956233-05:00","This is IDE/project-hygiene reconciliation, not live runtime script compile proof. Direct Scripts.csproj Debug/AnyCPU keeps the known standalone Server.csproj platform limitation; maintained ConficturaUO.sln Debug/Any CPU previously passed with warnings after IDEProjectHygiene repair."
"POST-BATCH-G","PBG-024","RB-00024","P10-F00024","P0","Ready","Project include drift","Items:Special","","MovedGumpFolder; count=1; evidence=phase-02-missing-compile-targets-classified.csv","Build","Review each include in the group, then remove stale entries or correct paths in a focused Scripts.csproj batch.","FixedProjectTruthDrift","ScriptsProjectTruth after POST-BATCH-G: project-truth-register.csv has 6581 Scripts.csproj compile includes, 6581 script source files, 0 missing compile targets, 0 unincluded source files, and 0 project cleanup backlog groups.","Reconciled the historical project include drift row to the already completed ScriptsProjectTruth and IDEProjectHygiene repairs; no source, project, runtime, namespace, serialization, XML, config, or file-location change was made in POST-BATCH-G.","Passed: New-ProjectTruthRegister.ps1 regenerated Phase 2 project truth; missing-compile-targets.csv, unincluded-source-files.csv, project-cleanup-backlog.csv, and phase-scoped equivalents are zero rows.","POST-BATCH-G-01A","2026-06-13T20:17:10.5956233-05:00","This is IDE/project-hygiene reconciliation, not live runtime script compile proof. Direct Scripts.csproj Debug/AnyCPU keeps the known standalone Server.csproj platform limitation; maintained ConficturaUO.sln Debug/Any CPU previously passed with warnings after IDEProjectHygiene repair."
"POST-BATCH-G","PBG-025","RB-00025","P10-F00025","P0","Ready","Project include drift","Items:Magical","","MovedGumpFolder; count=1; evidence=phase-02-missing-compile-targets-classified.csv","Build","Review each include in the group, then remove stale entries or correct paths in a focused Scripts.csproj batch.","FixedProjectTruthDrift","ScriptsProjectTruth after POST-BATCH-G: project-truth-register.csv has 6581 Scripts.csproj compile includes, 6581 script source files, 0 missing compile targets, 0 unincluded source files, and 0 project cleanup backlog groups.","Reconciled the historical project include drift row to the already completed ScriptsProjectTruth and IDEProjectHygiene repairs; no source, project, runtime, namespace, serialization, XML, config, or file-location change was made in POST-BATCH-G.","Passed: New-ProjectTruthRegister.ps1 regenerated Phase 2 project truth; missing-compile-targets.csv, unincluded-source-files.csv, project-cleanup-backlog.csv, and phase-scoped equivalents are zero rows.","POST-BATCH-G-01A","2026-06-13T20:17:10.5956233-05:00","This is IDE/project-hygiene reconciliation, not live runtime script compile proof. Direct Scripts.csproj Debug/AnyCPU keeps the known standalone Server.csproj platform limitation; maintained ConficturaUO.sln Debug/Any CPU previously passed with warnings after IDEProjectHygiene repair."
"POST-BATCH-G","PBG-026","RB-00026","P10-F00026","P0","Ready","Project include drift","Items:Books","","MovedGumpFolder; count=1; evidence=phase-02-missing-compile-targets-classified.csv","Build","Review each include in the group, then remove stale entries or correct paths in a focused Scripts.csproj batch.","FixedProjectTruthDrift","ScriptsProjectTruth after POST-BATCH-G: project-truth-register.csv has 6581 Scripts.csproj compile includes, 6581 script source files, 0 missing compile targets, 0 unincluded source files, and 0 project cleanup backlog groups.","Reconciled the historical project include drift row to the already completed ScriptsProjectTruth and IDEProjectHygiene repairs; no source, project, runtime, namespace, serialization, XML, config, or file-location change was made in POST-BATCH-G.","Passed: New-ProjectTruthRegister.ps1 regenerated Phase 2 project truth; missing-compile-targets.csv, unincluded-source-files.csv, project-cleanup-backlog.csv, and phase-scoped equivalents are zero rows.","POST-BATCH-G-01A","2026-06-13T20:17:10.5956233-05:00","This is IDE/project-hygiene reconciliation, not live runtime script compile proof. Direct Scripts.csproj Debug/AnyCPU keeps the known standalone Server.csproj platform limitation; maintained ConficturaUO.sln Debug/Any CPU previously passed with warnings after IDEProjectHygiene repair."
"POST-BATCH-G","PBG-027","RB-00027","P10-F00027","P0","Ready","Project include drift","Custom:PvPConsent","","MovedGumpFolder; count=1; evidence=phase-02-missing-compile-targets-classified.csv","Build","Review each include in the group, then remove stale entries or correct paths in a focused Scripts.csproj batch.","FixedProjectTruthDrift","ScriptsProjectTruth after POST-BATCH-G: project-truth-register.csv has 6581 Scripts.csproj compile includes, 6581 script source files, 0 missing compile targets, 0 unincluded source files, and 0 project cleanup backlog groups.","Reconciled the historical project include drift row to the already completed ScriptsProjectTruth and IDEProjectHygiene repairs; no source, project, runtime, namespace, serialization, XML, config, or file-location change was made in POST-BATCH-G.","Passed: New-ProjectTruthRegister.ps1 regenerated Phase 2 project truth; missing-compile-targets.csv, unincluded-source-files.csv, project-cleanup-backlog.csv, and phase-scoped equivalents are zero rows.","POST-BATCH-G-01A","2026-06-13T20:17:10.5956233-05:00","This is IDE/project-hygiene reconciliation, not live runtime script compile proof. Direct Scripts.csproj Debug/AnyCPU keeps the known standalone Server.csproj platform limitation; maintained ConficturaUO.sln Debug/Any CPU previously passed with warnings after IDEProjectHygiene repair."
"POST-BATCH-G","PBG-028","RB-00028","P10-F00028","P0","Ready","Project include drift","Magic:Research","","MovedGumpFolder; count=1; evidence=phase-02-missing-compile-targets-classified.csv","Build","Review each include in the group, then remove stale entries or correct paths in a focused Scripts.csproj batch.","FixedProjectTruthDrift","ScriptsProjectTruth after POST-BATCH-G: project-truth-register.csv has 6581 Scripts.csproj compile includes, 6581 script source files, 0 missing compile targets, 0 unincluded source files, and 0 project cleanup backlog groups.","Reconciled the historical project include drift row to the already completed ScriptsProjectTruth and IDEProjectHygiene repairs; no source, project, runtime, namespace, serialization, XML, config, or file-location change was made in POST-BATCH-G.","Passed: New-ProjectTruthRegister.ps1 regenerated Phase 2 project truth; missing-compile-targets.csv, unincluded-source-files.csv, project-cleanup-backlog.csv, and phase-scoped equivalents are zero rows.","POST-BATCH-G-01A","2026-06-13T20:17:10.5956233-05:00","This is IDE/project-hygiene reconciliation, not live runtime script compile proof. Direct Scripts.csproj Debug/AnyCPU keeps the known standalone Server.csproj platform limitation; maintained ConficturaUO.sln Debug/Any CPU previously passed with warnings after IDEProjectHygiene repair."
"POST-BATCH-G","PBG-029","RB-00029","P10-F00029","P0","Ready","Project include drift","Trades:Guild","","MovedGumpFolder; count=1; evidence=phase-02-missing-compile-targets-classified.csv","Build","Review each include in the group, then remove stale entries or correct paths in a focused Scripts.csproj batch.","FixedProjectTruthDrift","ScriptsProjectTruth after POST-BATCH-G: project-truth-register.csv has 6581 Scripts.csproj compile includes, 6581 script source files, 0 missing compile targets, 0 unincluded source files, and 0 project cleanup backlog groups.","Reconciled the historical project include drift row to the already completed ScriptsProjectTruth and IDEProjectHygiene repairs; no source, project, runtime, namespace, serialization, XML, config, or file-location change was made in POST-BATCH-G.","Passed: New-ProjectTruthRegister.ps1 regenerated Phase 2 project truth; missing-compile-targets.csv, unincluded-source-files.csv, project-cleanup-backlog.csv, and phase-scoped equivalents are zero rows.","POST-BATCH-G-01A","2026-06-13T20:17:10.5956233-05:00","This is IDE/project-hygiene reconciliation, not live runtime script compile proof. Direct Scripts.csproj Debug/AnyCPU keeps the known standalone Server.csproj platform limitation; maintained ConficturaUO.sln Debug/Any CPU previously passed with warnings after IDEProjectHygiene repair."
"POST-BATCH-G","PBG-030","RB-00030","P10-F00030","P1","Ready","Project include drift","Custom:XMLSpawner","","ActiveSourceMissingInclude; count=20; evidence=phase-02-unincluded-source-classified.csv","Build","Review active status and either add Compile Include entries or document intentional non-compiled status.","FixedProjectTruthDrift","ScriptsProjectTruth after POST-BATCH-G: project-truth-register.csv has 6581 Scripts.csproj compile includes, 6581 script source files, 0 missing compile targets, 0 unincluded source files, and 0 project cleanup backlog groups.","Reconciled the historical project include drift row to the already completed ScriptsProjectTruth and IDEProjectHygiene repairs; no source, project, runtime, namespace, serialization, XML, config, or file-location change was made in POST-BATCH-G.","Passed: New-ProjectTruthRegister.ps1 regenerated Phase 2 project truth; missing-compile-targets.csv, unincluded-source-files.csv, project-cleanup-backlog.csv, and phase-scoped equivalents are zero rows.","POST-BATCH-G-01A","2026-06-13T20:17:10.5956233-05:00","This is IDE/project-hygiene reconciliation, not live runtime script compile proof. Direct Scripts.csproj Debug/AnyCPU keeps the known standalone Server.csproj platform limitation; maintained ConficturaUO.sln Debug/Any CPU previously passed with warnings after IDEProjectHygiene repair."
"POST-BATCH-G","PBG-031","RB-00031","P10-F00031","P1","Ready","Project include drift","Items:Houses","","ActiveSourceMissingInclude; count=7; evidence=phase-02-unincluded-source-classified.csv","Build","Review active status and either add Compile Include entries or document intentional non-compiled status.","FixedProjectTruthDrift","ScriptsProjectTruth after POST-BATCH-G: project-truth-register.csv has 6581 Scripts.csproj compile includes, 6581 script source files, 0 missing compile targets, 0 unincluded source files, and 0 project cleanup backlog groups.","Reconciled the historical project include drift row to the already completed ScriptsProjectTruth and IDEProjectHygiene repairs; no source, project, runtime, namespace, serialization, XML, config, or file-location change was made in POST-BATCH-G.","Passed: New-ProjectTruthRegister.ps1 regenerated Phase 2 project truth; missing-compile-targets.csv, unincluded-source-files.csv, project-cleanup-backlog.csv, and phase-scoped equivalents are zero rows.","POST-BATCH-G-01A","2026-06-13T20:17:10.5956233-05:00","This is IDE/project-hygiene reconciliation, not live runtime script compile proof. Direct Scripts.csproj Debug/AnyCPU keeps the known standalone Server.csproj platform limitation; maintained ConficturaUO.sln Debug/Any CPU previously passed with warnings after IDEProjectHygiene repair."
"POST-BATCH-G","PBG-032","RB-00032","P10-F00032","P1","Ready","Project include drift","Trades:Bulk Orders","","ActiveSourceMissingInclude; count=7; evidence=phase-02-unincluded-source-classified.csv","Build","Review active status and either add Compile Include entries or document intentional non-compiled status.","FixedProjectTruthDrift","ScriptsProjectTruth after POST-BATCH-G: project-truth-register.csv has 6581 Scripts.csproj compile includes, 6581 script source files, 0 missing compile targets, 0 unincluded source files, and 0 project cleanup backlog groups.","Reconciled the historical project include drift row to the already completed ScriptsProjectTruth and IDEProjectHygiene repairs; no source, project, runtime, namespace, serialization, XML, config, or file-location change was made in POST-BATCH-G.","Passed: New-ProjectTruthRegister.ps1 regenerated Phase 2 project truth; missing-compile-targets.csv, unincluded-source-files.csv, project-cleanup-backlog.csv, and phase-scoped equivalents are zero rows.","POST-BATCH-G-01A","2026-06-13T20:17:10.5956233-05:00","This is IDE/project-hygiene reconciliation, not live runtime script compile proof. Direct Scripts.csproj Debug/AnyCPU keeps the known standalone Server.csproj platform limitation; maintained ConficturaUO.sln Debug/Any CPU previously passed with warnings after IDEProjectHygiene repair."
"POST-BATCH-G","PBG-033","RB-00033","P10-F00033","P1","Ready","Project include drift","Custom:CloneOfflinePlayerCharacters","","ActiveSourceMissingInclude; count=6; evidence=phase-02-unincluded-source-classified.csv","Build","Review active status and either add Compile Include entries or document intentional non-compiled status.","FixedProjectTruthDrift","ScriptsProjectTruth after POST-BATCH-G: project-truth-register.csv has 6581 Scripts.csproj compile includes, 6581 script source files, 0 missing compile targets, 0 unincluded source files, and 0 project cleanup backlog groups.","Reconciled the historical project include drift row to the already completed ScriptsProjectTruth and IDEProjectHygiene repairs; no source, project, runtime, namespace, serialization, XML, config, or file-location change was made in POST-BATCH-G.","Passed: New-ProjectTruthRegister.ps1 regenerated Phase 2 project truth; missing-compile-targets.csv, unincluded-source-files.csv, project-cleanup-backlog.csv, and phase-scoped equivalents are zero rows.","POST-BATCH-G-01A","2026-06-13T20:17:10.5956233-05:00","This is IDE/project-hygiene reconciliation, not live runtime script compile proof. Direct Scripts.csproj Debug/AnyCPU keeps the known standalone Server.csproj platform limitation; maintained ConficturaUO.sln Debug/Any CPU previously passed with warnings after IDEProjectHygiene repair."
"POST-BATCH-G","PBG-034","RB-00034","P10-F00034","P1","Ready","Project include drift","Items:Misc","","ActiveSourceMissingInclude; count=5; evidence=phase-02-unincluded-source-classified.csv","Build","Review active status and either add Compile Include entries or document intentional non-compiled status.","FixedProjectTruthDrift","ScriptsProjectTruth after POST-BATCH-G: project-truth-register.csv has 6581 Scripts.csproj compile includes, 6581 script source files, 0 missing compile targets, 0 unincluded source files, and 0 project cleanup backlog groups.","Reconciled the historical project include drift row to the already completed ScriptsProjectTruth and IDEProjectHygiene repairs; no source, project, runtime, namespace, serialization, XML, config, or file-location change was made in POST-BATCH-G.","Passed: New-ProjectTruthRegister.ps1 regenerated Phase 2 project truth; missing-compile-targets.csv, unincluded-source-files.csv, project-cleanup-backlog.csv, and phase-scoped equivalents are zero rows.","POST-BATCH-G-01A","2026-06-13T20:17:10.5956233-05:00","This is IDE/project-hygiene reconciliation, not live runtime script compile proof. Direct Scripts.csproj Debug/AnyCPU keeps the known standalone Server.csproj platform limitation; maintained ConficturaUO.sln Debug/Any CPU previously passed with warnings after IDEProjectHygiene repair."
"POST-BATCH-G","PBG-035","RB-00035","P10-F00035","P1","Ready","Project include drift","System:Help","","ActiveSourceMissingInclude; count=5; evidence=phase-02-unincluded-source-classified.csv","Build","Review active status and either add Compile Include entries or document intentional non-compiled status.","FixedProjectTruthDrift","ScriptsProjectTruth after POST-BATCH-G: project-truth-register.csv has 6581 Scripts.csproj compile includes, 6581 script source files, 0 missing compile targets, 0 unincluded source files, and 0 project cleanup backlog groups.","Reconciled the historical project include drift row to the already completed ScriptsProjectTruth and IDEProjectHygiene repairs; no source, project, runtime, namespace, serialization, XML, config, or file-location change was made in POST-BATCH-G.","Passed: New-ProjectTruthRegister.ps1 regenerated Phase 2 project truth; missing-compile-targets.csv, unincluded-source-files.csv, project-cleanup-backlog.csv, and phase-scoped equivalents are zero rows.","POST-BATCH-G-01A","2026-06-13T20:17:10.5956233-05:00","This is IDE/project-hygiene reconciliation, not live runtime script compile proof. Direct Scripts.csproj Debug/AnyCPU keeps the known standalone Server.csproj platform limitation; maintained ConficturaUO.sln Debug/Any CPU previously passed with warnings after IDEProjectHygiene repair."
"POST-BATCH-G","PBG-036","RB-00036","P10-F00036","P1","Ready","Project include drift","System:Commands","","ActiveSourceMissingInclude; count=5; evidence=phase-02-unincluded-source-classified.csv","Build","Review active status and either add Compile Include entries or document intentional non-compiled status.","FixedProjectTruthDrift","ScriptsProjectTruth after POST-BATCH-G: project-truth-register.csv has 6581 Scripts.csproj compile includes, 6581 script source files, 0 missing compile targets, 0 unincluded source files, and 0 project cleanup backlog groups.","Reconciled the historical project include drift row to the already completed ScriptsProjectTruth and IDEProjectHygiene repairs; no source, project, runtime, namespace, serialization, XML, config, or file-location change was made in POST-BATCH-G.","Passed: New-ProjectTruthRegister.ps1 regenerated Phase 2 project truth; missing-compile-targets.csv, unincluded-source-files.csv, project-cleanup-backlog.csv, and phase-scoped equivalents are zero rows.","POST-BATCH-G-01A","2026-06-13T20:17:10.5956233-05:00","This is IDE/project-hygiene reconciliation, not live runtime script compile proof. Direct Scripts.csproj Debug/AnyCPU keeps the known standalone Server.csproj platform limitation; maintained ConficturaUO.sln Debug/Any CPU previously passed with warnings after IDEProjectHygiene repair."
"POST-BATCH-G","PBG-037","RB-00037","P10-F00037","P1","Ready","Project include drift","Trades:Gardening","","ActiveSourceMissingInclude; count=4; evidence=phase-02-unincluded-source-classified.csv","Build","Review active status and either add Compile Include entries or document intentional non-compiled status.","FixedProjectTruthDrift","ScriptsProjectTruth after POST-BATCH-G: project-truth-register.csv has 6581 Scripts.csproj compile includes, 6581 script source files, 0 missing compile targets, 0 unincluded source files, and 0 project cleanup backlog groups.","Reconciled the historical project include drift row to the already completed ScriptsProjectTruth and IDEProjectHygiene repairs; no source, project, runtime, namespace, serialization, XML, config, or file-location change was made in POST-BATCH-G.","Passed: New-ProjectTruthRegister.ps1 regenerated Phase 2 project truth; missing-compile-targets.csv, unincluded-source-files.csv, project-cleanup-backlog.csv, and phase-scoped equivalents are zero rows.","POST-BATCH-G-01A","2026-06-13T20:17:10.5956233-05:00","This is IDE/project-hygiene reconciliation, not live runtime script compile proof. Direct Scripts.csproj Debug/AnyCPU keeps the known standalone Server.csproj platform limitation; maintained ConficturaUO.sln Debug/Any CPU previously passed with warnings after IDEProjectHygiene repair."
"POST-BATCH-G","PBG-038","RB-00038","P10-F00038","P1","Ready","Project include drift","Custom:Government System","","ActiveSourceMissingInclude; count=3; evidence=phase-02-unincluded-source-classified.csv","Build","Review active status and either add Compile Include entries or document intentional non-compiled status.","FixedProjectTruthDrift","ScriptsProjectTruth after POST-BATCH-G: project-truth-register.csv has 6581 Scripts.csproj compile includes, 6581 script source files, 0 missing compile targets, 0 unincluded source files, and 0 project cleanup backlog groups.","Reconciled the historical project include drift row to the already completed ScriptsProjectTruth and IDEProjectHygiene repairs; no source, project, runtime, namespace, serialization, XML, config, or file-location change was made in POST-BATCH-G.","Passed: New-ProjectTruthRegister.ps1 regenerated Phase 2 project truth; missing-compile-targets.csv, unincluded-source-files.csv, project-cleanup-backlog.csv, and phase-scoped equivalents are zero rows.","POST-BATCH-G-01A","2026-06-13T20:17:10.5956233-05:00","This is IDE/project-hygiene reconciliation, not live runtime script compile proof. Direct Scripts.csproj Debug/AnyCPU keeps the known standalone Server.csproj platform limitation; maintained ConficturaUO.sln Debug/Any CPU previously passed with warnings after IDEProjectHygiene repair."
"POST-BATCH-G","PBG-039","RB-00039","P10-F00039","P1","Ready","Project include drift","Trades:Core","","ActiveSourceMissingInclude; count=3; evidence=phase-02-unincluded-source-classified.csv","Build","Review active status and either add Compile Include entries or document intentional non-compiled status.","FixedProjectTruthDrift","ScriptsProjectTruth after POST-BATCH-G: project-truth-register.csv has 6581 Scripts.csproj compile includes, 6581 script source files, 0 missing compile targets, 0 unincluded source files, and 0 project cleanup backlog groups.","Reconciled the historical project include drift row to the already completed ScriptsProjectTruth and IDEProjectHygiene repairs; no source, project, runtime, namespace, serialization, XML, config, or file-location change was made in POST-BATCH-G.","Passed: New-ProjectTruthRegister.ps1 regenerated Phase 2 project truth; missing-compile-targets.csv, unincluded-source-files.csv, project-cleanup-backlog.csv, and phase-scoped equivalents are zero rows.","POST-BATCH-G-01A","2026-06-13T20:17:10.5956233-05:00","This is IDE/project-hygiene reconciliation, not live runtime script compile proof. Direct Scripts.csproj Debug/AnyCPU keeps the known standalone Server.csproj platform limitation; maintained ConficturaUO.sln Debug/Any CPU previously passed with warnings after IDEProjectHygiene repair."
"POST-BATCH-G","PBG-040","RB-00040","P10-F00040","P1","Ready","Project include drift","Items:Boats","","ActiveSourceMissingInclude; count=3; evidence=phase-02-unincluded-source-classified.csv","Build","Review active status and either add Compile Include entries or document intentional non-compiled status.","FixedProjectTruthDrift","ScriptsProjectTruth after POST-BATCH-G: project-truth-register.csv has 6581 Scripts.csproj compile includes, 6581 script source files, 0 missing compile targets, 0 unincluded source files, and 0 project cleanup backlog groups.","Reconciled the historical project include drift row to the already completed ScriptsProjectTruth and IDEProjectHygiene repairs; no source, project, runtime, namespace, serialization, XML, config, or file-location change was made in POST-BATCH-G.","Passed: New-ProjectTruthRegister.ps1 regenerated Phase 2 project truth; missing-compile-targets.csv, unincluded-source-files.csv, project-cleanup-backlog.csv, and phase-scoped equivalents are zero rows.","POST-BATCH-G-01A","2026-06-13T20:17:10.5956233-05:00","This is IDE/project-hygiene reconciliation, not live runtime script compile proof. Direct Scripts.csproj Debug/AnyCPU keeps the known standalone Server.csproj platform limitation; maintained ConficturaUO.sln Debug/Any CPU previously passed with warnings after IDEProjectHygiene repair."
"POST-BATCH-G","PBG-041","RB-00041","P10-F00041","P1","Ready","Project include drift","Items:Gifts","","ActiveSourceMissingInclude; count=3; evidence=phase-02-unincluded-source-classified.csv","Build","Review active status and either add Compile Include entries or document intentional non-compiled status.","FixedProjectTruthDrift","ScriptsProjectTruth after POST-BATCH-G: project-truth-register.csv has 6581 Scripts.csproj compile includes, 6581 script source files, 0 missing compile targets, 0 unincluded source files, and 0 project cleanup backlog groups.","Reconciled the historical project include drift row to the already completed ScriptsProjectTruth and IDEProjectHygiene repairs; no source, project, runtime, namespace, serialization, XML, config, or file-location change was made in POST-BATCH-G.","Passed: New-ProjectTruthRegister.ps1 regenerated Phase 2 project truth; missing-compile-targets.csv, unincluded-source-files.csv, project-cleanup-backlog.csv, and phase-scoped equivalents are zero rows.","POST-BATCH-G-01A","2026-06-13T20:17:10.5956233-05:00","This is IDE/project-hygiene reconciliation, not live runtime script compile proof. Direct Scripts.csproj Debug/AnyCPU keeps the known standalone Server.csproj platform limitation; maintained ConficturaUO.sln Debug/Any CPU previously passed with warnings after IDEProjectHygiene repair."
"POST-BATCH-G","PBG-042","RB-00042","P10-F00042","P1","Ready","Project include drift","Custom:Vhaerun's CRL Homestead System [2.0]","","ActiveSourceMissingInclude; count=2; evidence=phase-02-unincluded-source-classified.csv","Build","Review active status and either add Compile Include entries or document intentional non-compiled status.","FixedProjectTruthDrift","ScriptsProjectTruth after POST-BATCH-G: project-truth-register.csv has 6581 Scripts.csproj compile includes, 6581 script source files, 0 missing compile targets, 0 unincluded source files, and 0 project cleanup backlog groups.","Reconciled the historical project include drift row to the already completed ScriptsProjectTruth and IDEProjectHygiene repairs; no source, project, runtime, namespace, serialization, XML, config, or file-location change was made in POST-BATCH-G.","Passed: New-ProjectTruthRegister.ps1 regenerated Phase 2 project truth; missing-compile-targets.csv, unincluded-source-files.csv, project-cleanup-backlog.csv, and phase-scoped equivalents are zero rows.","POST-BATCH-G-01A","2026-06-13T20:17:10.5956233-05:00","This is IDE/project-hygiene reconciliation, not live runtime script compile proof. Direct Scripts.csproj Debug/AnyCPU keeps the known standalone Server.csproj platform limitation; maintained ConficturaUO.sln Debug/Any CPU previously passed with warnings after IDEProjectHygiene repair."
"POST-BATCH-G","PBG-043","RB-00043","P10-F00043","P1","Ready","Project include drift","Quests:Epic","","ActiveSourceMissingInclude; count=1; evidence=phase-02-unincluded-source-classified.csv","Build","Review active status and either add Compile Include entries or document intentional non-compiled status.","FixedProjectTruthDrift","ScriptsProjectTruth after POST-BATCH-G: project-truth-register.csv has 6581 Scripts.csproj compile includes, 6581 script source files, 0 missing compile targets, 0 unincluded source files, and 0 project cleanup backlog groups.","Reconciled the historical project include drift row to the already completed ScriptsProjectTruth and IDEProjectHygiene repairs; no source, project, runtime, namespace, serialization, XML, config, or file-location change was made in POST-BATCH-G.","Passed: New-ProjectTruthRegister.ps1 regenerated Phase 2 project truth; missing-compile-targets.csv, unincluded-source-files.csv, project-cleanup-backlog.csv, and phase-scoped equivalents are zero rows.","POST-BATCH-G-01A","2026-06-13T20:17:10.5956233-05:00","This is IDE/project-hygiene reconciliation, not live runtime script compile proof. Direct Scripts.csproj Debug/AnyCPU keeps the known standalone Server.csproj platform limitation; maintained ConficturaUO.sln Debug/Any CPU previously passed with warnings after IDEProjectHygiene repair."
"POST-BATCH-G","PBG-044","RB-00044","P10-F00044","P1","Ready","Project include drift","Quests:Museum","","ActiveSourceMissingInclude; count=1; evidence=phase-02-unincluded-source-classified.csv","Build","Review active status and either add Compile Include entries or document intentional non-compiled status.","FixedProjectTruthDrift","ScriptsProjectTruth after POST-BATCH-G: project-truth-register.csv has 6581 Scripts.csproj compile includes, 6581 script source files, 0 missing compile targets, 0 unincluded source files, and 0 project cleanup backlog groups.","Reconciled the historical project include drift row to the already completed ScriptsProjectTruth and IDEProjectHygiene repairs; no source, project, runtime, namespace, serialization, XML, config, or file-location change was made in POST-BATCH-G.","Passed: New-ProjectTruthRegister.ps1 regenerated Phase 2 project truth; missing-compile-targets.csv, unincluded-source-files.csv, project-cleanup-backlog.csv, and phase-scoped equivalents are zero rows.","POST-BATCH-G-01A","2026-06-13T20:17:10.5956233-05:00","This is IDE/project-hygiene reconciliation, not live runtime script compile proof. Direct Scripts.csproj Debug/AnyCPU keeps the known standalone Server.csproj platform limitation; maintained ConficturaUO.sln Debug/Any CPU previously passed with warnings after IDEProjectHygiene repair."
"POST-BATCH-G","PBG-045","RB-00045","P10-F00045","P2","Open","Project include drift","Custom:AIOverhaul","","ActiveSourceMissingInclude; count=1; evidence=phase-02-unincluded-source-classified.csv","Build","Review active status and either add Compile Include entries or document intentional non-compiled status.","FixedProjectTruthDrift","ScriptsProjectTruth after POST-BATCH-G: project-truth-register.csv has 6581 Scripts.csproj compile includes, 6581 script source files, 0 missing compile targets, 0 unincluded source files, and 0 project cleanup backlog groups.","Reconciled the historical project include drift row to the already completed ScriptsProjectTruth and IDEProjectHygiene repairs; no source, project, runtime, namespace, serialization, XML, config, or file-location change was made in POST-BATCH-G.","Passed: New-ProjectTruthRegister.ps1 regenerated Phase 2 project truth; missing-compile-targets.csv, unincluded-source-files.csv, project-cleanup-backlog.csv, and phase-scoped equivalents are zero rows.","POST-BATCH-G-01A","2026-06-13T20:17:10.5956233-05:00","This is IDE/project-hygiene reconciliation, not live runtime script compile proof. Direct Scripts.csproj Debug/AnyCPU keeps the known standalone Server.csproj platform limitation; maintained ConficturaUO.sln Debug/Any CPU previously passed with warnings after IDEProjectHygiene repair."
"POST-BATCH-G","PBG-046","RB-00046","P10-F00046","P1","Ready","Project include drift","Trades:Apiculture","","ActiveSourceMissingInclude; count=1; evidence=phase-02-unincluded-source-classified.csv","Build","Review active status and either add Compile Include entries or document intentional non-compiled status.","FixedProjectTruthDrift","ScriptsProjectTruth after POST-BATCH-G: project-truth-register.csv has 6581 Scripts.csproj compile includes, 6581 script source files, 0 missing compile targets, 0 unincluded source files, and 0 project cleanup backlog groups.","Reconciled the historical project include drift row to the already completed ScriptsProjectTruth and IDEProjectHygiene repairs; no source, project, runtime, namespace, serialization, XML, config, or file-location change was made in POST-BATCH-G.","Passed: New-ProjectTruthRegister.ps1 regenerated Phase 2 project truth; missing-compile-targets.csv, unincluded-source-files.csv, project-cleanup-backlog.csv, and phase-scoped equivalents are zero rows.","POST-BATCH-G-01A","2026-06-13T20:17:10.5956233-05:00","This is IDE/project-hygiene reconciliation, not live runtime script compile proof. Direct Scripts.csproj Debug/AnyCPU keeps the known standalone Server.csproj platform limitation; maintained ConficturaUO.sln Debug/Any CPU previously passed with warnings after IDEProjectHygiene repair."
"POST-BATCH-G","PBG-047","RB-00047","P10-F00047","P1","Ready","Project include drift","Magic:Syth","","ActiveSourceMissingInclude; count=1; evidence=phase-02-unincluded-source-classified.csv","Build","Review active status and either add Compile Include entries or document intentional non-compiled status.","FixedProjectTruthDrift","ScriptsProjectTruth after POST-BATCH-G: project-truth-register.csv has 6581 Scripts.csproj compile includes, 6581 script source files, 0 missing compile targets, 0 unincluded source files, and 0 project cleanup backlog groups.","Reconciled the historical project include drift row to the already completed ScriptsProjectTruth and IDEProjectHygiene repairs; no source, project, runtime, namespace, serialization, XML, config, or file-location change was made in POST-BATCH-G.","Passed: New-ProjectTruthRegister.ps1 regenerated Phase 2 project truth; missing-compile-targets.csv, unincluded-source-files.csv, project-cleanup-backlog.csv, and phase-scoped equivalents are zero rows.","POST-BATCH-G-01A","2026-06-13T20:17:10.5956233-05:00","This is IDE/project-hygiene reconciliation, not live runtime script compile proof. Direct Scripts.csproj Debug/AnyCPU keeps the known standalone Server.csproj platform limitation; maintained ConficturaUO.sln Debug/Any CPU previously passed with warnings after IDEProjectHygiene repair."
"POST-BATCH-G","PBG-048","RB-00048","P10-F00048","P1","Ready","Project include drift","System:Skills","","ActiveSourceMissingInclude; count=1; evidence=phase-02-unincluded-source-classified.csv","Build","Review active status and either add Compile Include entries or document intentional non-compiled status.","FixedProjectTruthDrift","ScriptsProjectTruth after POST-BATCH-G: project-truth-register.csv has 6581 Scripts.csproj compile includes, 6581 script source files, 0 missing compile targets, 0 unincluded source files, and 0 project cleanup backlog groups.","Reconciled the historical project include drift row to the already completed ScriptsProjectTruth and IDEProjectHygiene repairs; no source, project, runtime, namespace, serialization, XML, config, or file-location change was made in POST-BATCH-G.","Passed: New-ProjectTruthRegister.ps1 regenerated Phase 2 project truth; missing-compile-targets.csv, unincluded-source-files.csv, project-cleanup-backlog.csv, and phase-scoped equivalents are zero rows.","POST-BATCH-G-01A","2026-06-13T20:17:10.5956233-05:00","This is IDE/project-hygiene reconciliation, not live runtime script compile proof. Direct Scripts.csproj Debug/AnyCPU keeps the known standalone Server.csproj platform limitation; maintained ConficturaUO.sln Debug/Any CPU previously passed with warnings after IDEProjectHygiene repair."
"POST-BATCH-G","PBG-049","RB-00049","P10-F00049","P1","Ready","Project include drift","Magic:Research","","ActiveSourceMissingInclude; count=1; evidence=phase-02-unincluded-source-classified.csv","Build","Review active status and either add Compile Include entries or document intentional non-compiled status.","FixedProjectTruthDrift","ScriptsProjectTruth after POST-BATCH-G: project-truth-register.csv has 6581 Scripts.csproj compile includes, 6581 script source files, 0 missing compile targets, 0 unincluded source files, and 0 project cleanup backlog groups.","Reconciled the historical project include drift row to the already completed ScriptsProjectTruth and IDEProjectHygiene repairs; no source, project, runtime, namespace, serialization, XML, config, or file-location change was made in POST-BATCH-G.","Passed: New-ProjectTruthRegister.ps1 regenerated Phase 2 project truth; missing-compile-targets.csv, unincluded-source-files.csv, project-cleanup-backlog.csv, and phase-scoped equivalents are zero rows.","POST-BATCH-G-01A","2026-06-13T20:17:10.5956233-05:00","This is IDE/project-hygiene reconciliation, not live runtime script compile proof. Direct Scripts.csproj Debug/AnyCPU keeps the known standalone Server.csproj platform limitation; maintained ConficturaUO.sln Debug/Any CPU previously passed with warnings after IDEProjectHygiene repair."
"POST-BATCH-G","PBG-050","RB-00050","P10-F00050","P1","Ready","Project include drift","Magic:Death Knight","","ActiveSourceMissingInclude; count=1; evidence=phase-02-unincluded-source-classified.csv","Build","Review active status and either add Compile Include entries or document intentional non-compiled status.","FixedProjectTruthDrift","ScriptsProjectTruth after POST-BATCH-G: project-truth-register.csv has 6581 Scripts.csproj compile includes, 6581 script source files, 0 missing compile targets, 0 unincluded source files, and 0 project cleanup backlog groups.","Reconciled the historical project include drift row to the already completed ScriptsProjectTruth and IDEProjectHygiene repairs; no source, project, runtime, namespace, serialization, XML, config, or file-location change was made in POST-BATCH-G.","Passed: New-ProjectTruthRegister.ps1 regenerated Phase 2 project truth; missing-compile-targets.csv, unincluded-source-files.csv, project-cleanup-backlog.csv, and phase-scoped equivalents are zero rows.","POST-BATCH-G-01A","2026-06-13T20:17:10.5956233-05:00","This is IDE/project-hygiene reconciliation, not live runtime script compile proof. Direct Scripts.csproj Debug/AnyCPU keeps the known standalone Server.csproj platform limitation; maintained ConficturaUO.sln Debug/Any CPU previously passed with warnings after IDEProjectHygiene repair."
"POST-BATCH-G","PBG-051","RB-00051","P10-F00051","P1","Ready","Project include drift","Magic:Jedi","","ActiveSourceMissingInclude; count=1; evidence=phase-02-unincluded-source-classified.csv","Build","Review active status and either add Compile Include entries or document intentional non-compiled status.","FixedProjectTruthDrift","ScriptsProjectTruth after POST-BATCH-G: project-truth-register.csv has 6581 Scripts.csproj compile includes, 6581 script source files, 0 missing compile targets, 0 unincluded source files, and 0 project cleanup backlog groups.","Reconciled the historical project include drift row to the already completed ScriptsProjectTruth and IDEProjectHygiene repairs; no source, project, runtime, namespace, serialization, XML, config, or file-location change was made in POST-BATCH-G.","Passed: New-ProjectTruthRegister.ps1 regenerated Phase 2 project truth; missing-compile-targets.csv, unincluded-source-files.csv, project-cleanup-backlog.csv, and phase-scoped equivalents are zero rows.","POST-BATCH-G-01A","2026-06-13T20:17:10.5956233-05:00","This is IDE/project-hygiene reconciliation, not live runtime script compile proof. Direct Scripts.csproj Debug/AnyCPU keeps the known standalone Server.csproj platform limitation; maintained ConficturaUO.sln Debug/Any CPU previously passed with warnings after IDEProjectHygiene repair."
"POST-BATCH-G","PBG-052","RB-00052","P10-F00052","P1","Ready","Project include drift","Magic:Holy Man","","ActiveSourceMissingInclude; count=1; evidence=phase-02-unincluded-source-classified.csv","Build","Review active status and either add Compile Include entries or document intentional non-compiled status.","FixedProjectTruthDrift","ScriptsProjectTruth after POST-BATCH-G: project-truth-register.csv has 6581 Scripts.csproj compile includes, 6581 script source files, 0 missing compile targets, 0 unincluded source files, and 0 project cleanup backlog groups.","Reconciled the historical project include drift row to the already completed ScriptsProjectTruth and IDEProjectHygiene repairs; no source, project, runtime, namespace, serialization, XML, config, or file-location change was made in POST-BATCH-G.","Passed: New-ProjectTruthRegister.ps1 regenerated Phase 2 project truth; missing-compile-targets.csv, unincluded-source-files.csv, project-cleanup-backlog.csv, and phase-scoped equivalents are zero rows.","POST-BATCH-G-01A","2026-06-13T20:17:10.5956233-05:00","This is IDE/project-hygiene reconciliation, not live runtime script compile proof. Direct Scripts.csproj Debug/AnyCPU keeps the known standalone Server.csproj platform limitation; maintained ConficturaUO.sln Debug/Any CPU previously passed with warnings after IDEProjectHygiene repair."
"POST-BATCH-G","PBG-053","RB-00053","P10-F00053","P1","Ready","Project include drift","Magic:Elementalism","","ActiveSourceMissingInclude; count=1; evidence=phase-02-unincluded-source-classified.csv","Build","Review active status and either add Compile Include entries or document intentional non-compiled status.","FixedProjectTruthDrift","ScriptsProjectTruth after POST-BATCH-G: project-truth-register.csv has 6581 Scripts.csproj compile includes, 6581 script source files, 0 missing compile targets, 0 unincluded source files, and 0 project cleanup backlog groups.","Reconciled the historical project include drift row to the already completed ScriptsProjectTruth and IDEProjectHygiene repairs; no source, project, runtime, namespace, serialization, XML, config, or file-location change was made in POST-BATCH-G.","Passed: New-ProjectTruthRegister.ps1 regenerated Phase 2 project truth; missing-compile-targets.csv, unincluded-source-files.csv, project-cleanup-backlog.csv, and phase-scoped equivalents are zero rows.","POST-BATCH-G-01A","2026-06-13T20:17:10.5956233-05:00","This is IDE/project-hygiene reconciliation, not live runtime script compile proof. Direct Scripts.csproj Debug/AnyCPU keeps the known standalone Server.csproj platform limitation; maintained ConficturaUO.sln Debug/Any CPU previously passed with warnings after IDEProjectHygiene repair."
"POST-BATCH-G","PBG-054","RB-00054","P10-F00054","P1","Ready","Project include drift","Magic:Bard","","ActiveSourceMissingInclude; count=1; evidence=phase-02-unincluded-source-classified.csv","Build","Review active status and either add Compile Include entries or document intentional non-compiled status.","FixedProjectTruthDrift","ScriptsProjectTruth after POST-BATCH-G: project-truth-register.csv has 6581 Scripts.csproj compile includes, 6581 script source files, 0 missing compile targets, 0 unincluded source files, and 0 project cleanup backlog groups.","Reconciled the historical project include drift row to the already completed ScriptsProjectTruth and IDEProjectHygiene repairs; no source, project, runtime, namespace, serialization, XML, config, or file-location change was made in POST-BATCH-G.","Passed: New-ProjectTruthRegister.ps1 regenerated Phase 2 project truth; missing-compile-targets.csv, unincluded-source-files.csv, project-cleanup-backlog.csv, and phase-scoped equivalents are zero rows.","POST-BATCH-G-01A","2026-06-13T20:17:10.5956233-05:00","This is IDE/project-hygiene reconciliation, not live runtime script compile proof. Direct Scripts.csproj Debug/AnyCPU keeps the known standalone Server.csproj platform limitation; maintained ConficturaUO.sln Debug/Any CPU previously passed with warnings after IDEProjectHygiene repair."
"POST-BATCH-G","PBG-055","RB-00055","P10-F00055","P1","Ready","Project include drift","Items:Trades","","ActiveSourceMissingInclude; count=1; evidence=phase-02-unincluded-source-classified.csv","Build","Review active status and either add Compile Include entries or document intentional non-compiled status.","FixedProjectTruthDrift","ScriptsProjectTruth after POST-BATCH-G: project-truth-register.csv has 6581 Scripts.csproj compile includes, 6581 script source files, 0 missing compile targets, 0 unincluded source files, and 0 project cleanup backlog groups.","Reconciled the historical project include drift row to the already completed ScriptsProjectTruth and IDEProjectHygiene repairs; no source, project, runtime, namespace, serialization, XML, config, or file-location change was made in POST-BATCH-G.","Passed: New-ProjectTruthRegister.ps1 regenerated Phase 2 project truth; missing-compile-targets.csv, unincluded-source-files.csv, project-cleanup-backlog.csv, and phase-scoped equivalents are zero rows.","POST-BATCH-G-01A","2026-06-13T20:17:10.5956233-05:00","This is IDE/project-hygiene reconciliation, not live runtime script compile proof. Direct Scripts.csproj Debug/AnyCPU keeps the known standalone Server.csproj platform limitation; maintained ConficturaUO.sln Debug/Any CPU previously passed with warnings after IDEProjectHygiene repair."
"POST-BATCH-G","PBG-056","RB-00056","P10-F00056","P1","Ready","Project include drift","Items:Special","","ActiveSourceMissingInclude; count=1; evidence=phase-02-unincluded-source-classified.csv","Build","Review active status and either add Compile Include entries or document intentional non-compiled status.","FixedProjectTruthDrift","ScriptsProjectTruth after POST-BATCH-G: project-truth-register.csv has 6581 Scripts.csproj compile includes, 6581 script source files, 0 missing compile targets, 0 unincluded source files, and 0 project cleanup backlog groups.","Reconciled the historical project include drift row to the already completed ScriptsProjectTruth and IDEProjectHygiene repairs; no source, project, runtime, namespace, serialization, XML, config, or file-location change was made in POST-BATCH-G.","Passed: New-ProjectTruthRegister.ps1 regenerated Phase 2 project truth; missing-compile-targets.csv, unincluded-source-files.csv, project-cleanup-backlog.csv, and phase-scoped equivalents are zero rows.","POST-BATCH-G-01A","2026-06-13T20:17:10.5956233-05:00","This is IDE/project-hygiene reconciliation, not live runtime script compile proof. Direct Scripts.csproj Debug/AnyCPU keeps the known standalone Server.csproj platform limitation; maintained ConficturaUO.sln Debug/Any CPU previously passed with warnings after IDEProjectHygiene repair."
"POST-BATCH-G","PBG-057","RB-00057","P10-F00057","P1","Ready","Project include drift","Items:Magical","","ActiveSourceMissingInclude; count=1; evidence=phase-02-unincluded-source-classified.csv","Build","Review active status and either add Compile Include entries or document intentional non-compiled status.","FixedProjectTruthDrift","ScriptsProjectTruth after POST-BATCH-G: project-truth-register.csv has 6581 Scripts.csproj compile includes, 6581 script source files, 0 missing compile targets, 0 unincluded source files, and 0 project cleanup backlog groups.","Reconciled the historical project include drift row to the already completed ScriptsProjectTruth and IDEProjectHygiene repairs; no source, project, runtime, namespace, serialization, XML, config, or file-location change was made in POST-BATCH-G.","Passed: New-ProjectTruthRegister.ps1 regenerated Phase 2 project truth; missing-compile-targets.csv, unincluded-source-files.csv, project-cleanup-backlog.csv, and phase-scoped equivalents are zero rows.","POST-BATCH-G-01A","2026-06-13T20:17:10.5956233-05:00","This is IDE/project-hygiene reconciliation, not live runtime script compile proof. Direct Scripts.csproj Debug/AnyCPU keeps the known standalone Server.csproj platform limitation; maintained ConficturaUO.sln Debug/Any CPU previously passed with warnings after IDEProjectHygiene repair."
"POST-BATCH-G","PBG-058","RB-00058","P10-F00058","P1","Ready","Project include drift","Items:Books","","ActiveSourceMissingInclude; count=1; evidence=phase-02-unincluded-source-classified.csv","Build","Review active status and either add Compile Include entries or document intentional non-compiled status.","FixedProjectTruthDrift","ScriptsProjectTruth after POST-BATCH-G: project-truth-register.csv has 6581 Scripts.csproj compile includes, 6581 script source files, 0 missing compile targets, 0 unincluded source files, and 0 project cleanup backlog groups.","Reconciled the historical project include drift row to the already completed ScriptsProjectTruth and IDEProjectHygiene repairs; no source, project, runtime, namespace, serialization, XML, config, or file-location change was made in POST-BATCH-G.","Passed: New-ProjectTruthRegister.ps1 regenerated Phase 2 project truth; missing-compile-targets.csv, unincluded-source-files.csv, project-cleanup-backlog.csv, and phase-scoped equivalents are zero rows.","POST-BATCH-G-01A","2026-06-13T20:17:10.5956233-05:00","This is IDE/project-hygiene reconciliation, not live runtime script compile proof. Direct Scripts.csproj Debug/AnyCPU keeps the known standalone Server.csproj platform limitation; maintained ConficturaUO.sln Debug/Any CPU previously passed with warnings after IDEProjectHygiene repair."
"POST-BATCH-G","PBG-059","RB-00059","P10-F00059","P1","Ready","Project include drift","Custom:PvPConsent","","ActiveSourceMissingInclude; count=1; evidence=phase-02-unincluded-source-classified.csv","Build","Review active status and either add Compile Include entries or document intentional non-compiled status.","FixedProjectTruthDrift","ScriptsProjectTruth after POST-BATCH-G: project-truth-register.csv has 6581 Scripts.csproj compile includes, 6581 script source files, 0 missing compile targets, 0 unincluded source files, and 0 project cleanup backlog groups.","Reconciled the historical project include drift row to the already completed ScriptsProjectTruth and IDEProjectHygiene repairs; no source, project, runtime, namespace, serialization, XML, config, or file-location change was made in POST-BATCH-G.","Passed: New-ProjectTruthRegister.ps1 regenerated Phase 2 project truth; missing-compile-targets.csv, unincluded-source-files.csv, project-cleanup-backlog.csv, and phase-scoped equivalents are zero rows.","POST-BATCH-G-01A","2026-06-13T20:17:10.5956233-05:00","This is IDE/project-hygiene reconciliation, not live runtime script compile proof. Direct Scripts.csproj Debug/AnyCPU keeps the known standalone Server.csproj platform limitation; maintained ConficturaUO.sln Debug/Any CPU previously passed with warnings after IDEProjectHygiene repair."
"POST-BATCH-G","PBG-060","RB-00060","P10-F00060","P1","Ready","Project include drift","Magic:Mystic","","ActiveSourceMissingInclude; count=1; evidence=phase-02-unincluded-source-classified.csv","Build","Review active status and either add Compile Include entries or document intentional non-compiled status.","FixedProjectTruthDrift","ScriptsProjectTruth after POST-BATCH-G: project-truth-register.csv has 6581 Scripts.csproj compile includes, 6581 script source files, 0 missing compile targets, 0 unincluded source files, and 0 project cleanup backlog groups.","Reconciled the historical project include drift row to the already completed ScriptsProjectTruth and IDEProjectHygiene repairs; no source, project, runtime, namespace, serialization, XML, config, or file-location change was made in POST-BATCH-G.","Passed: New-ProjectTruthRegister.ps1 regenerated Phase 2 project truth; missing-compile-targets.csv, unincluded-source-files.csv, project-cleanup-backlog.csv, and phase-scoped equivalents are zero rows.","POST-BATCH-G-01A","2026-06-13T20:17:10.5956233-05:00","This is IDE/project-hygiene reconciliation, not live runtime script compile proof. Direct Scripts.csproj Debug/AnyCPU keeps the known standalone Server.csproj platform limitation; maintained ConficturaUO.sln Debug/Any CPU previously passed with warnings after IDEProjectHygiene repair."
"POST-BATCH-G","PBG-061","RB-00061","P10-F00061","P1","Ready","Project include drift","Trades:Guild","","ActiveSourceMissingInclude; count=1; evidence=phase-02-unincluded-source-classified.csv","Build","Review active status and either add Compile Include entries or document intentional non-compiled status.","FixedProjectTruthDrift","ScriptsProjectTruth after POST-BATCH-G: project-truth-register.csv has 6581 Scripts.csproj compile includes, 6581 script source files, 0 missing compile targets, 0 unincluded source files, and 0 project cleanup backlog groups.","Reconciled the historical project include drift row to the already completed ScriptsProjectTruth and IDEProjectHygiene repairs; no source, project, runtime, namespace, serialization, XML, config, or file-location change was made in POST-BATCH-G.","Passed: New-ProjectTruthRegister.ps1 regenerated Phase 2 project truth; missing-compile-targets.csv, unincluded-source-files.csv, project-cleanup-backlog.csv, and phase-scoped equivalents are zero rows.","POST-BATCH-G-01A","2026-06-13T20:17:10.5956233-05:00","This is IDE/project-hygiene reconciliation, not live runtime script compile proof. Direct Scripts.csproj Debug/AnyCPU keeps the known standalone Server.csproj platform limitation; maintained ConficturaUO.sln Debug/Any CPU previously passed with warnings after IDEProjectHygiene repair."
