"IntakeId","SourceBatchId","IntakeStatus","InterviewStatus","BehaviorToChange","System","ExpectedFiles","MustStayUnchanged","FenceResult","GateApprovalStatus","RequiredApproval","ReadyGoalCommand","SourceEditsMade","ReviewedAt","Notes"
"SOURCE-BATCH-INTAKE","SOURCE-BATCH-001","SourceBatchCommitted","InterviewComplete","Add stale/null/backpack guards to OilCloth interaction paths.","Items:Misc / OilCloth","Data/Scripts/Items/Misc/OilCloth.cs","Poison-charge reduction; firebomb conversion; oil cloth consumption semantics; localized messages; targeting flow; serialization layout and versioning; region/map behavior; economy/reward tuning; staff/access behavior; folder/namespace/type/package layout.","POST-BATCH-Y gate hits for OilCloth.cs=0; no gated approval crossed.","NotRequiredForNonGatedTarget","None beyond normal POST-BATCH-Y preflight.","/goal SOURCE-BATCH-001 OilCloth Guard Repair","Yes","2026-06-15T16:44:08.0818812-05:00","Implemented and closed in docs/codebase-audit/outputs/source-batch-001-oilcloth-guard-repair-closeout.md."
"SOURCE-BATCH-INTAKE","SOURCE-BATCH-002","SourceBatchCommitted","InterviewComplete","Add stale/null guards to OilCloth Dye and Scissor interaction paths.","Items:Misc / OilCloth","Data/Scripts/Items/Misc/OilCloth.cs","SOURCE-BATCH-001 OnDoubleClick/OnTarget behavior; poison-charge reduction; firebomb conversion; oil cloth consumption semantics; localized messages; targeting flow; serialization layout and versioning; region/map behavior; economy/reward tuning; staff/access behavior; folder/namespace/type/package layout.","POST-BATCH-Y gate hits for OilCloth.cs=0; active overlay OilCloth matches=0; no gated approval crossed.","NotRequiredForNonGatedTarget","None beyond normal POST-BATCH-Y preflight.","/goal SOURCE-BATCH-002 OilCloth Dye Scissor Guard Repair","Yes","2026-06-15T18:45:22.3593239-05:00","Implemented and closed in docs/codebase-audit/outputs/source-batch-002-oilcloth-dye-scissor-guard-repair-closeout.md."
"SOURCE-BATCH-INTAKE","SOURCE-BATCH-003","SourceBatchCommitted","InterviewComplete","Add stale/null/backpack guards to Firebomb interaction paths.","Items:Misc / Firebomb","Data/Scripts/Items/Misc/Firebomb.cs","Firebomb and FirebombField serialization; FirebombField transient/no-payload behavior; timer scheduling and callbacks; damage values; range; effects; messages; target range; targeting flow; item internalization; region/map behavior; economy/reward tuning; staff/access behavior; command access; folder/namespace/type layout; project files; XML/config/data files.","POST-BATCH-Y gate hits for Firebomb.cs=0; active overlay Firebomb matches=3 and all are SafeNoChange or IntentionalLegacy serializer rows; no gated approval crossed.","NotRequiredForNonGatedTarget","None beyond normal POST-BATCH-Y preflight.","/goal SOURCE-BATCH-003 Firebomb Interaction Guard Repair","Yes","2026-06-15T19:36:50.2500868-05:00","Implemented and closed in docs/codebase-audit/outputs/source-batch-003-firebomb-interaction-guard-repair-closeout.md."
"SOURCE-BATCH-INTAKE","SOURCE-BATCH-004","SourceBatchCommitted","InterviewComplete","Add stale/null/backpack guards to ArcaneGem interaction paths.","Items:Misc / ArcaneGem","Data/Scripts/Items/Misc/ArcaneGem.cs","Arcane charge math; DefaultArcaneHue; tailoring thresholds; item eligibility and resource restrictions; blessed-item behavior; messages; gem amount/delete semantics; serialization layout and versioning; region/map behavior; economy/reward tuning; staff/access behavior; folder/namespace/type/package layout; project files; XML/config/data files.","POST-BATCH-Y gate hits for ArcaneGem.cs=0; active overlay ArcaneGem matches=0; no gated approval crossed.","NotRequiredForNonGatedTarget","None beyond normal POST-BATCH-Y preflight.","/goal SOURCE-BATCH-004 ArcaneGem Interaction Guard Repair","Yes","2026-06-16T11:15:37.0000000-05:00","Implemented and closed in docs/codebase-audit/outputs/source-batch-004-arcanegem-interaction-guard-repair-closeout.md."
"SOURCE-BATCH-INTAKE","SOURCE-BATCH-005","SourceBatchCommitted","InterviewComplete","Add stale/null/backpack guards to PowerCrystal interaction paths.","Items:Misc / PowerCrystal","Data/Scripts/Items/Misc/PowerCrystal.cs","Golem porter target eligibility; charge cap; charge increment behavior; messages; sound/revealing behavior; InvalidateProperties call; crystal consumption; serialization layout and versioning; region/map behavior; economy/reward tuning; staff/access behavior; folder/namespace/type/package layout; project files; XML/config/data files.","POST-BATCH-Y gate hits for PowerCrystal.cs=0; active overlay PowerCrystal matches=0; no gated approval crossed.","NotRequiredForNonGatedTarget","None beyond normal POST-BATCH-Y preflight.","/goal SOURCE-BATCH-005 PowerCrystal Target Guard Repair","Yes","2026-06-16T11:22:52.2093583-05:00","Implemented and closed in docs/codebase-audit/outputs/source-batch-005-powercrystal-target-guard-repair-closeout.md."
"SOURCE-BATCH-INTAKE","SOURCE-BATCH-006","SourceBatchCommitted","InterviewComplete","Add stale/null/backpack guards to ClockworkAssembly OnDoubleClick before skill, follower, resource, or golem construction state is evaluated.","Items:Misc / ClockworkAssembly","Data/Scripts/Items/Misc/ClockworkAssembly.cs","Tinkering threshold; follower-slot requirement; scalar calculation; resource list and quantities; consume-order result messages; golem creation/control behavior; assembly deletion behavior; serialization layout and versioning; region/map behavior; economy/reward tuning; staff/access behavior; folder/namespace/type/package layout; project files; XML/config/data files.","POST-BATCH-Y gate hits for ClockworkAssembly.cs=0; active overlay ClockworkAssembly matches=0; no gated approval crossed.","NotRequiredForNonGatedTarget","None beyond normal POST-BATCH-Y preflight.","/goal SOURCE-BATCH-006 ClockworkAssembly Guard Repair","Yes","2026-06-16T11:29:34.9621783-05:00","Implemented and closed in docs/codebase-audit/outputs/source-batch-006-clockworkassembly-guard-repair-closeout.md."
"SOURCE-BATCH-INTAKE","SOURCE-BATCH-007","SourceBatchCommitted","InterviewComplete","Add stale/null/backpack guards to UnusualDyes OnDoubleClick and DyeTarget.OnTarget before dye/pigment target mutation or dye consumption.","Items:Misc / Dyes / UnusualDyes","Data/Scripts/Items/Misc/Dyes/UnusualDyes.cs","DyeColor persistence; randomized jar names and hues; DyeTub.Redyable behavior; BlackDyeTub rejection behavior; MagicPigment hue assignment behavior; RevealingAction; sound 0x23E; empty Jar return; dye Consume semantics; localized messages; target eligibility except stale/deleted/null safety; serialization layout and versioning; namespace/type/file layout; project files; XML/config/data files; staff/access behavior; economy/reward tuning; region/map behavior; reorganization state.","POST-BATCH-Y gate hits for UnusualDyes.cs=0; active overlay UnusualDyes matches=0; no gated approval crossed.","NotRequiredForNonGatedTarget","None beyond normal POST-BATCH-Y preflight.","/goal SOURCE-BATCH-007 UnusualDyes Target Guard Repair","Yes","2026-06-16T14:53:11.7853163-05:00","Implemented and closed in docs/codebase-audit/outputs/source-batch-007-unusualdyes-target-guard-repair-closeout.md."
"SOURCE-BATCH-INTAKE","SOURCE-BATCH-008","SourceBatchCommitted","InterviewComplete","Add stale/null/backpack guards to VelocityDeed OnDoubleClick and VelocityTargetx.OnTarget before deed or target mutation and deed deletion.","Items:Magical / VelocityDeed","Data/Scripts/Items/Magical/VelocityDeed.cs","BaseRanged-only target eligibility; +10 Velocity increment; existing success/failure messages; deed RootParent ownership rule; deed Delete semantics; serialization layout and versioning; namespace/type/file layout; project/config/data files.","POST-BATCH-Y gate hits for VelocityDeed.cs=0; active overlay VelocityDeed matches=0; no gated approval crossed.","NotRequiredForNonGatedTarget","None beyond normal POST-BATCH-Y preflight.","/goal SOURCE-BATCH-008 VelocityDeed Guard Repair","Yes","2026-06-16T18:08:44.8478282-05:00","Implemented and closed in docs/codebase-audit/outputs/source-batch-008-velocitydeed-guard-repair-closeout.md."
"SOURCE-BATCH-INTAKE","SOURCE-BATCH-009","SourceBatchCommitted","InterviewComplete","Add stale/null guard coverage to WeaponRenamingTool OnDoubleClick, TargetWeapon.OnTarget, Find(Mobile from), and InternalGump.OnResponse before mobile, NetState, tool, target weapon, relay, or backpack dereferences.","Items:Magical / WeaponRenamingTool","Data/Scripts/Items/Magical/WeaponRenamingTool.cs","RewardSystem.CheckIsUsableBy behavior; BaseWeapon target eligibility; InternalGump text entry flow; 64-character truncation; blank rename removal; localized messages; tool Delete behavior; IsRewardItem serialization; namespace/type/file layout; project/config/data files.","POST-BATCH-Y gate hits for WeaponRenamingTool.cs=0; active overlay WeaponRenamingTool matches=0; no gated approval crossed.","NotRequiredForNonGatedTarget","None beyond normal POST-BATCH-Y preflight.","/goal SOURCE-BATCH-009 WeaponRenamingTool Guard Repair","Yes","2026-06-16T18:14:26.8607304-05:00","Implemented and closed in docs/codebase-audit/outputs/source-batch-009-weaponrenamingtool-guard-repair-closeout.md."
"SOURCE-BATCH-INTAKE","SOURCE-BATCH-010","SourceBatchCommitted","InterviewComplete","Add stale/null guards to Scales OnDoubleClick and InternalTarget.OnTarget before source scales, mobile, target item root, or target item weight state dereferences.","Items:Misc / Scales","Data/Scripts/Items/Misc/Scales.cs","Target range; self-weigh rejection; RootParent awkward-location rule; movable-object rule; weight formatting; messages; serialization layout/versioning; namespace/type/file layout; project/config/data files.","POST-BATCH-Y gate hits for Scales.cs=0; active overlay Scales matches=0; no gated approval crossed.","NotRequiredForNonGatedTarget","None beyond normal POST-BATCH-Y preflight.","/goal SOURCE-BATCH-010 Scales Guard Repair","Yes","2026-06-16T18:18:35.5080479-05:00","Implemented and closed in docs/codebase-audit/outputs/source-batch-010-scales-guard-repair-closeout.md."
"SOURCE-BATCH-INTAKE","SOURCE-BATCH-011","SourceBatchCommitted","InterviewComplete","Add stale/null/backpack guards to MagicScissors OnDoubleClick and WearTarget.OnTarget before source scissors, mobile, target ownership, artifact policy, or transform state dereferences.","Items:Magical / MagicScissors","Data/Scripts/Items/Magical/MagicScissors.cs","Backpack-use message; target range; ownership rule; MyServerSettings.AlterArtifact policy; every item ID/layer/name transform; sound 0x248; success/failure messages; serialization layout/versioning; namespace/type/file layout; project/config/data files.","POST-BATCH-Y gate hits for MagicScissors.cs=0; active overlay MagicScissors matches=0; no gated approval crossed.","NotRequiredForNonGatedTarget","None beyond normal POST-BATCH-Y preflight.","/goal SOURCE-BATCH-011 MagicScissors Guard Repair","Yes","2026-06-16T18:22:39.1548451-05:00","Implemented and closed in docs/codebase-audit/outputs/source-batch-011-magicscissors-guard-repair-closeout.md."
"SOURCE-BATCH-INTAKE","SOURCE-BATCH-012","SourceBatchCommitted","InterviewComplete","Add stale/null/backpack guards to BalancingDeed OnDoubleClick and BalancingTarget.OnTarget before source deed, mobile, target ranged weapon, or deed deletion state dereferences.","Items:Magical / BalancingDeed","Data/Scripts/Items/Magical/BalancingDeed.cs","BaseRanged-only target eligibility; Balanced flag assignment; RootParent ownership rule; existing success/failure messages; deed Delete semantics; serialization layout/versioning; namespace/type/file layout; project/config/data files.","POST-BATCH-Y gate hits for BalancingDeed.cs=0; active overlay BalancingDeed matches=0; no gated approval crossed.","NotRequiredForNonGatedTarget","None beyond normal POST-BATCH-Y preflight.","/goal SOURCE-BATCH-012 BalancingDeed Guard Repair","Yes","2026-06-16T18:32:00.1198582-05:00","Implemented and closed in docs/codebase-audit/outputs/source-batch-012-balancingdeed-guard-repair-closeout.md."
"SOURCE-BATCH-INTAKE","SOURCE-BATCH-013","SourceBatchCommitted","InterviewComplete","Add stale/null/backpack guards to HydraTooth OnDoubleClick before mobile, DesignContext, backpack, spell construction, or Cast state is evaluated.","Items:Magical / HydraTooth","Data/Scripts/Items/Magical/HydraTooth.cs","DesignContext.Check behavior; backpack localized message 1042001; SummonSkeletonSpell construction; Cast behavior; item id/name/amount/stacking; serialization layout/versioning; namespace/type/file layout; project/config/data files.","POST-BATCH-Y gate hits for HydraTooth.cs=0; active overlay HydraTooth matches=0; no gated approval crossed.","NotRequiredForNonGatedTarget","None beyond normal POST-BATCH-Y preflight.","/goal SOURCE-BATCH-013 HydraTooth Guard Repair","Yes","2026-06-16T18:37:56.3208151-05:00","Implemented and closed in docs/codebase-audit/outputs/source-batch-013-hydratooth-guard-repair-closeout.md."
"SOURCE-BATCH-INTAKE","SOURCE-BATCH-014","SourceBatchCommitted","InterviewComplete","Add stale/null/backpack guards to MagicHammer OnDoubleClick and WearTarget.OnTarget before source hammer, mobile, target ownership, artifact policy, or transform state dereferences.","Items:Magical / MagicHammer","Data/Scripts/Items/Magical/MagicHammer.cs","Backpack-use message; target range; ownership rule; MyServerSettings.AlterArtifact policy; every item ID/name transform; weapon replacement/deletion behavior; sounds 0x541/0x233; success/failure messages; serialization layout/versioning; namespace/type/file layout; project/config/data files.","POST-BATCH-Y gate hits for MagicHammer.cs=0; active overlay MagicHammer matches=0; no gated approval crossed.","NotRequiredForNonGatedTarget","None beyond normal POST-BATCH-Y preflight.","/goal SOURCE-BATCH-014 MagicHammer Guard Repair","Yes","2026-06-16T18:43:10.0827741-05:00","Implemented and closed in docs/codebase-audit/outputs/source-batch-014-magichammer-guard-repair-closeout.md."
"SOURCE-BATCH-INTAKE","SOURCE-BATCH-015","SourceBatchCommitted","InterviewComplete","Add stale/null/backpack guards to BookofDead OnDoubleClick before mobile, skills, follower state, resource consumption, or corpse creation state is evaluated.","Items:Misc / BookofDead","Data/Scripts/Items/Misc/Bodies/LivingDead/BookofDead.cs","Backpack localized message 1042001; Necromancy threshold; Spiritualism scalar/siphon/empowerment math; follower requirement; resource types and quantities; ConsumeTotal result messages; corpse creation/control behavior; serialization layout/versioning; namespace/type/file layout; project/config/data files.","POST-BATCH-Y gate hits for BookofDead.cs=0; active overlay BookofDead matches=0; no gated approval crossed.","NotRequiredForNonGatedTarget","None beyond normal POST-BATCH-Y preflight.","/goal SOURCE-BATCH-015 BookofDead Guard Repair","Yes","2026-06-16T18:47:37.0216166-05:00","Implemented and closed in docs/codebase-audit/outputs/source-batch-015-bookofdead-guard-repair-closeout.md."
"SOURCE-BATCH-INTAKE","SOURCE-BATCH-016","SourceBatchCommitted","InterviewComplete","Add stale/null/backpack guards to MagicPigment OnDoubleClick and DyeTarget.OnTarget before source pigment, mobile, target ownership/backpack, or hue mutation state dereferences.","Items:Misc / Dyes / MagicPigment","Data/Scripts/Items/Misc/Dyes/MagicPigment.cs","Randomized pigment names; backpack-use message; target range; backpack-as-target rule; in-backpack paint rule; stackable/item ID exclusions; hue assignment including 0x2EF reset; RevealingAction; sound 0x23F; messages; serialization layout/versioning; namespace/type/file layout; project/config/data files.","POST-BATCH-Y gate hits for MagicPigment.cs=0; active overlay MagicPigment matches=0; no gated approval crossed.","NotRequiredForNonGatedTarget","None beyond normal POST-BATCH-Y preflight.","/goal SOURCE-BATCH-016 MagicPigment Guard Repair","Yes","2026-06-16T18:52:04.9029004-05:00","Implemented and closed in docs/codebase-audit/outputs/source-batch-016-magicpigment-guard-repair-closeout.md."
"SOURCE-BATCH-INTAKE","SOURCE-BATCH-017","SourceBatchCommitted","InterviewComplete","Add stale/null/backpack/gump-response guards to PromotionalToken OnDoubleClick and PromotionalTokenGump.OnResponse before mobile, NetState, token, bank box, reward creation, or token deletion state dereferences.","Items:Misc / PromotionalToken","Data/Scripts/Items/Misc/PromotionalToken.cs","OnDoubleClick pack message 1062334; PromotionalTokenGump layout/buttons/text; ButtonID 1 redemption path; CreateItemFor; BankBox.AddItem; TextDefinition.SendMessageTo; token Delete semantics; serialization layout/versioning; namespace/type/file layout; project/config/data files.","POST-BATCH-Y gate hits for PromotionalToken.cs=0; active overlay PromotionalToken matches=0; no gated approval crossed.","NotRequiredForNonGatedTarget","None beyond normal POST-BATCH-Y preflight.","/goal SOURCE-BATCH-017 PromotionalToken Guard Repair","Yes","2026-06-16T19:03:28.5856904-05:00","Implemented and closed in docs/codebase-audit/outputs/source-batch-017-promotionaltoken-guard-repair-closeout.md."
"SOURCE-BATCH-INTAKE","SOURCE-BATCH-018","SourceBatchCommitted","InterviewComplete","Add stale/null/backpack guards to MagicalDyes OnDoubleClick and DyeTarget.OnTarget before source dye, mobile, target backpack, hue mutation, Bottle return, or Consume state dereferences.","Items:Misc / Dyes / MagicalDyes","Data/Scripts/Items/Misc/Dyes/MagicalDyes.cs","Randomized dye names and hues; backpack-use message; target range; backpack-as-target rule; in-backpack dye rule; stackable/item ID exclusions; hue assignment including 0x2EF reset; RevealingAction; sound 0x23E; Bottle return; Consume semantics; messages; serialization layout/versioning; namespace/type/file layout; project/config/data files.","POST-BATCH-Y gate hits for MagicalDyes.cs=0; active overlay MagicalDyes matches=0; no gated approval crossed.","NotRequiredForNonGatedTarget","None beyond normal POST-BATCH-Y preflight.","/goal SOURCE-BATCH-018 MagicalDyes Guard Repair","Yes","2026-06-16T19:08:27.3028568-05:00","Implemented and closed in docs/codebase-audit/outputs/source-batch-018-magicaldyes-guard-repair-closeout.md."
"SOURCE-BATCH-INTAKE","SOURCE-BATCH-019","SourceBatchCommitted","InterviewComplete","Add stale/null/source-tub/target guards to AllDyeTubsArmor OnDoubleClick, DoPack, DoOut, and AllDyeTubsArmorTarget.OnTarget before mobile, tub, target item, or charge state dereferences.","Items:Misc / Dyes / AllDyeTubsArmor","Data/Scripts/Items/Misc/Dyes/AllDyeTubsArmor.cs","AllowPack behavior; target range; armor/shield eligibility; 100 gold cost behavior; charged tub deletion/charge decrement behavior; hue assignment; sound 0x23F; messages; serialization layout/versioning; namespace/type/file layout; project/config/data files.","POST-BATCH-Y gate hits for AllDyeTubsArmor.cs=0; active overlay AllDyeTubsArmor matches=0; no gated approval crossed.","NotRequiredForNonGatedTarget","None beyond normal POST-BATCH-Y preflight.","/goal SOURCE-BATCH-019 AllDyeTubsArmor Guard Repair","Yes","2026-06-16T19:13:19.7195952-05:00","Implemented and closed in docs/codebase-audit/outputs/source-batch-019-alldyetubsarmor-guard-repair-closeout.md."
"SOURCE-BATCH-INTAKE","SOURCE-BATCH-020","SourceBatchCommitted","InterviewComplete","Add stale/null/source-tub/target guards to AllDyeTubsWeapon OnDoubleClick, DoPack, DoOut, and AllDyeTubsWeaponTarget.OnTarget before mobile, tub, target item, or charge state dereferences.","Items:Misc / Dyes / AllDyeTubsWeapon","Data/Scripts/Items/Misc/Dyes/AllDyeTubsWeapon.cs","AllowPack behavior; target range; weapon eligibility; 100 gold cost behavior; charged tub deletion/charge decrement behavior; hue assignment; sound 0x23F; messages; serialization layout/versioning; namespace/type/file layout; project/config/data files.","POST-BATCH-Y gate hits for AllDyeTubsWeapon.cs=0; active overlay AllDyeTubsWeapon matches=0; no gated approval crossed.","NotRequiredForNonGatedTarget","None beyond normal POST-BATCH-Y preflight.","/goal SOURCE-BATCH-020 AllDyeTubsWeapon Guard Repair","Yes","2026-06-16T19:19:55.8367442-05:00","Implemented and closed in docs/codebase-audit/outputs/source-batch-020-alldyetubsweapon-guard-repair-closeout.md."
"SOURCE-BATCH-INTAKE","SOURCE-BATCH-021","SourceBatchCommitted","InterviewComplete","Add stale/null/source-tub/target guards to AllDyeTubsFurniture OnDoubleClick, DoPack, DoOut, and AllDyeTubsFurnitureTarget.OnTarget before mobile, tub, target item, or charge state dereferences.","Items:Misc / Dyes / AllDyeTubsFurniture","Data/Scripts/Items/Misc/Dyes/AllDyeTubsFurniture.cs","AllowPack behavior; target range; furniture eligibility; 100 gold cost behavior; charged tub deletion/charge decrement behavior; hue assignment; sound 0x23F; messages; serialization layout/versioning; namespace/type/file layout; project/config/data files.","POST-BATCH-Y gate hits for AllDyeTubsFurniture.cs=0; active overlay AllDyeTubsFurniture matches=0; no gated approval crossed.","NotRequiredForNonGatedTarget","None beyond normal POST-BATCH-Y preflight.","/goal SOURCE-BATCH-021 AllDyeTubsFurniture Guard Repair","Yes","2026-06-16T19:24:10.9554142-05:00","Implemented and closed in docs/codebase-audit/outputs/source-batch-021-alldyetubsfurniture-guard-repair-closeout.md."
"SOURCE-BATCH-INTAKE","SOURCE-BATCH-022","SourceBatchCommitted","InterviewComplete","Add stale/null/source-tub/target guards to AllDyeTubsBookRune OnDoubleClick, DoPack, DoOut, and AllDyeTubsBookRuneTarget.OnTarget before mobile, tub, target item, or charge state dereferences.","Items:Misc / Dyes / AllDyeTubsBookRune","Data/Scripts/Items/Misc/Dyes/AllDyeTubsBookRune.cs","AllowPack behavior; target range; Runebook eligibility; 100 gold cost behavior; charged tub deletion/charge decrement behavior; hue assignment; sound 0x23F; messages; serialization layout/versioning; namespace/type/file layout; project/config/data files.","POST-BATCH-Y gate hits for AllDyeTubsBookRune.cs=0; active overlay AllDyeTubsBookRune matches=0; no gated approval crossed.","NotRequiredForNonGatedTarget","None beyond normal POST-BATCH-Y preflight.","/goal SOURCE-BATCH-022 AllDyeTubsBookRune Guard Repair","Yes","2026-06-16T19:31:49.9389645-05:00","Implemented and closed in docs/codebase-audit/outputs/source-batch-022-alldyetubsbookrune-guard-repair-closeout.md."
"SOURCE-BATCH-INTAKE","SOURCE-BATCH-023","SourceBatchCommitted","InterviewComplete","Add stale/null/source-tub/target guards to AllDyeTubsBookSpell OnDoubleClick, DoPack, DoOut, and AllDyeTubsBookSpellTarget.OnTarget before mobile, tub, target item, or charge state dereferences.","Items:Misc / Dyes / AllDyeTubsBookSpell","Data/Scripts/Items/Misc/Dyes/AllDyeTubsBookSpell.cs","AllowPack behavior; target range; Spellbook eligibility; 100 gold cost behavior; charged tub deletion/charge decrement behavior; hue assignment; sound 0x23F; messages; serialization layout/versioning; namespace/type/file layout; project/config/data files.","POST-BATCH-Y gate hits for AllDyeTubsBookSpell.cs=0; active overlay AllDyeTubsBookSpell matches=0; no gated approval crossed.","NotRequiredForNonGatedTarget","None beyond normal POST-BATCH-Y preflight.","/goal SOURCE-BATCH-023 AllDyeTubsBookSpell Guard Repair","Yes","2026-06-16T19:35:56.9822424-05:00","Implemented and closed in docs/codebase-audit/outputs/source-batch-023-alldyetubsbookspell-guard-repair-closeout.md."
"SOURCE-BATCH-INTAKE","SOURCE-BATCH-024","SourceBatchCommitted","InterviewComplete","Add stale/null/source-tub/target guards to AllDyeTubsMountEthereal OnDoubleClick, DoPack, DoOut, and AllDyeTubsMountEtherealTarget.OnTarget before mobile, tub, target item, or charge state dereferences.","Items:Misc / Dyes / AllDyeTubsMountEthereal","Data/Scripts/Items/Misc/Dyes/AllDyeTubsMountEthereal.cs","AllowPack behavior; target range; EtherealMount eligibility; 100 gold cost behavior; charged tub deletion/charge decrement behavior; hue assignment; sound 0x23F; messages; serialization layout/versioning; namespace/type/file layout; project/config/data files.","POST-BATCH-Y gate hits for AllDyeTubsMountEthereal.cs=0; active overlay AllDyeTubsMountEthereal matches=0; no gated approval crossed.","NotRequiredForNonGatedTarget","None beyond normal POST-BATCH-Y preflight.","/goal SOURCE-BATCH-024 AllDyeTubsMountEthereal Guard Repair","Yes","2026-06-16T19:40:06.2516530-05:00","Implemented and closed in docs/codebase-audit/outputs/source-batch-024-alldyetubsmountethereal-guard-repair-closeout.md."
"SOURCE-BATCH-INTAKE","SOURCE-BATCH-025","SourceBatchCommitted","InterviewComplete","Add stale/null/backpack/source-deed/target guards to LuckyHorseShoes OnDoubleClick and LuckTarget.OnTarget before mobile backpack state, source deed state, target item state, Attributes.Luck, or deed deletion is evaluated.","Items:Magical / LuckyHorseShoes","Data/Scripts/Items/Magical/LuckyHorseShoes.cs","BaseWeapon, BaseClothing, BaseJewel, BaseArmor, and Spellbook eligibility; RootParent ownership rule; plus 100 Luck increment; cap at 1000; messages; target range; deed Delete semantics; serialization layout/versioning; namespace/type/file layout; project/config/data files.","POST-BATCH-Y gate hits for LuckyHorseShoes.cs=0; active overlay LuckyHorseShoes matches=0; no gated approval crossed.","NotRequiredForNonGatedTarget","None beyond normal POST-BATCH-Y preflight.","/goal SOURCE-BATCH-025 LuckyHorseShoes Guard Repair","Yes","2026-06-16T20:06:00-05:00","Implemented and closed in docs/codebase-audit/outputs/source-batch-025-luckyhorseshoes-guard-repair-closeout.md."
"SOURCE-BATCH-INTAKE","SOURCE-BATCH-026","SourceBatchCommitted","InterviewComplete","Add stale/null/backpack/source-deed/target guards to SlayerDeed OnDoubleClick and SlayerTarget.OnTarget before reading SlayerType, resolving slayer names, target item state, or deleting the deed.","Items:Magical / SlayerDeed","Data/Scripts/Items/Magical/SlayerDeed.cs","BaseWeapon, BaseInstrument, and Spellbook eligibility; HolyManSpellbook exclusion; GetDeedSlayer mapping; Slayer then Slayer2 assignment order; existing messages including current wording; target range; deed Delete semantics; serialization layout/versioning; namespace/type/file layout; project/config/data files.","POST-BATCH-Y gate hits for SlayerDeed.cs=0; active overlay SlayerDeed matches=0; no gated approval crossed.","NotRequiredForNonGatedTarget","None beyond normal POST-BATCH-Y preflight.","/goal SOURCE-BATCH-026 SlayerDeed Guard Repair","Yes","2026-06-16T20:10:00-05:00","Implemented and closed in docs/codebase-audit/outputs/source-batch-026-slayerdeed-guard-repair-closeout.md."
"SOURCE-BATCH-INTAKE","SOURCE-BATCH-027","SourceBatchCommitted","InterviewComplete","Add stale/null/backpack/source-manual/target guards to ArtifactManual OnDoubleClick, BookTarget.OnTarget, and LookupTheItem before mobile backpack state, source manual state, target item state, charge decrement, reward creation, item transfer, or deletion is evaluated.","Items:Magical / ArtifactManual","Data/Scripts/Items/Magical/ArtifactManual.cs","Charges behavior; UnknownReagent, UnknownScroll, UnknownLiquid, UnknownKeg, UnknownWand, UnidentifiedArtifact, and UnidentifiedItem outcomes; item transfer and deletion semantics; messages; target range; serialization layout/versioning; namespace/type/file layout; project/config/data files.","POST-BATCH-Y gate hits for ArtifactManual.cs=0; active overlay ArtifactManual matches=0; no gated approval crossed.","NotRequiredForNonGatedTarget","None beyond normal POST-BATCH-Y preflight.","/goal SOURCE-BATCH-027 ArtifactManual Guard Repair","Yes","2026-06-16T20:14:00-05:00","Implemented and closed in docs/codebase-audit/outputs/source-batch-027-artifactmanual-guard-repair-closeout.md."
"SOURCE-BATCH-INTAKE","SOURCE-BATCH-028","SourceBatchCommitted","InterviewComplete","Add stale/null/mobile/source-tub/target guards to DyeTub OnDoubleClick and InternalTarget.OnTarget before mobile range checks, target assignment, source tub state, target item state, backpack containment, or hue mutation is evaluated.","Items:Misc / Dyes / DyeTub","Data/Scripts/Items/Misc/Dyes/DyeTub.cs","DyeTub serialization layout/versioning; TargetMessage and FailMessage behavior; target range; IDyable.Dye behavior; DyeTub.Redyable behavior; furniture locked-down/co-owner behavior; Runebook and RecallRune hue handling; ILevelable and IGiftable hue handling; hollow book, ribbon tree, orb, addon deed, monster statuette, armor, and weapon eligibility; hue assignment; sound 0x23E; localized messages; namespace/type/file layout; project files; XML/config/data files.","POST-BATCH-Y gate hits for DyeTub.cs=0; active overlay DyeTub matches=0; no gated approval crossed.","NotRequiredForNonGatedTarget","None beyond normal POST-BATCH-Y and active-overlay preflight.","/goal SOURCE-BATCH-028 DyeTub Guard Repair","Yes","2026-06-16T20:09:30-05:00","Implemented and closed in docs/codebase-audit/outputs/source-batch-028-dyetub-guard-repair-closeout.md."
"SOURCE-BATCH-INTAKE","SOURCE-BATCH-029","SourceBatchCommitted","InterviewComplete","Add stale/null/mobile/source-key/backpack/target guards to Key OnDoubleClick, RenamePrompt.OnResponse, UnlockTarget.OnTarget, and CopyTarget.OnTarget before mobile backpack state, key state, target lock state, or copy-destruction logic is evaluated.","Items:Misc / Key","Data/Scripts/Items/Misc/Key.cs","KeyValue, Link, MaxRange, UseLocks, RenamePrompt flow, unlock target behavior, copy target behavior, 10 percent key destruction chance, messages, CheckLOS=false behavior, serialization layout/versioning, namespace/type/file layout, project files, XML/config/data files.","POST-BATCH-Y gate hits for Key.cs=0; active overlay Key matches=0; no gated approval crossed.","NotRequiredForNonGatedTarget","None beyond normal POST-BATCH-Y and active-overlay preflight.","/goal SOURCE-BATCH-029 Key Interaction Guard Repair","Yes","2026-06-16T20:14:30-05:00","Implemented and closed in docs/codebase-audit/outputs/source-batch-029-key-interaction-guard-repair-closeout.md."
"SOURCE-BATCH-INTAKE","SOURCE-BATCH-030","SourceBatchCommitted","InterviewComplete","Add stale/null/mobile/backpack guards to PuzzleCube OnDoubleClick before backpack state or puzzle state is evaluated.","Items:Misc / Games / PuzzleCube","Data/Scripts/Items/Misc/Games/PuzzleCube.cs","Solved and scrambled item IDs 0x202A and 0x202B; random success check; sound 0x04B; messages; serialization layout/versioning; namespace/type/file layout; project files; XML/config/data files.","POST-BATCH-Y gate hits for PuzzleCube.cs=0; active overlay PuzzleCube matches=0; no gated approval crossed.","NotRequiredForNonGatedTarget","None beyond normal POST-BATCH-Y and active-overlay preflight.","/goal SOURCE-BATCH-030 PuzzleCube Guard Repair","Yes","2026-06-16T20:18:00-05:00","Implemented and closed in docs/codebase-audit/outputs/source-batch-030-puzzlecube-guard-repair-closeout.md."
"SOURCE-BATCH-INTAKE","SOURCE-BATCH-031","SourceBatchCommitted","InterviewComplete","Add stale/null/mobile/deleted-item guards to Dice4 OnDoubleClick and OnTelekinesis before range checks, particle effects, sound, or Roll(from) dereferences mobile state.","Items:Misc / Games / DandD Dice4","Data/Scripts/Items/Misc/Games/DandD/Dice4.cs","ItemID 0x301C; name and weight; AddNameProperties labels; range 2; telekinesis effects and sound 0x1F5; Roll overhead message; Utility.Random(1, 4); sound 0x34; serialization layout/versioning; namespace/type/file layout; project files; XML/config/data files.","POST-BATCH-Y gate hits for Dice4.cs=0; active overlay Dice4 matches=0; no gated approval crossed.","NotRequiredForNonGatedTarget","None beyond normal POST-BATCH-Y and active-overlay preflight.","/goal SOURCE-BATCH-031 Dice4 Guard Repair","Yes","2026-06-16T20:25:00-05:00","Implemented and closed in docs/codebase-audit/outputs/source-batch-031-dice4-guard-repair-closeout.md."
"SOURCE-BATCH-INTAKE","SOURCE-BATCH-032","SourceBatchCommitted","InterviewComplete","Add stale/null/mobile/deleted-item guards to Dice6 OnDoubleClick and OnTelekinesis before range checks, particle effects, sound, or Roll(from) dereferences mobile state.","Items:Misc / Games / DandD Dice6","Data/Scripts/Items/Misc/Games/DandD/Dice6.cs","ItemID 0x3018; name and weight; AddNameProperties labels; range 2; telekinesis effects and sound 0x1F5; Roll overhead message; Utility.Random(1, 6); sound 0x34; serialization layout/versioning; namespace/type/file layout; project files; XML/config/data files.","POST-BATCH-Y gate hits for Dice6.cs=0; active overlay Dice6 matches=0; no gated approval crossed.","NotRequiredForNonGatedTarget","None beyond normal POST-BATCH-Y and active-overlay preflight.","/goal SOURCE-BATCH-032 Dice6 Guard Repair","Yes","2026-06-16T20:28:00-05:00","Implemented and closed in docs/codebase-audit/outputs/source-batch-032-dice6-guard-repair-closeout.md."
"SOURCE-BATCH-INTAKE","SOURCE-BATCH-033","SourceBatchCommitted","InterviewComplete","Add stale/null/mobile/deleted-item guards to Dice8 OnDoubleClick and OnTelekinesis before range checks, particle effects, sound, or Roll(from) dereferences mobile state.","Items:Misc / Games / DandD Dice8","Data/Scripts/Items/Misc/Games/DandD/Dice8.cs","ItemID 0x3019; name and weight; AddNameProperties labels; range 2; telekinesis effects and sound 0x1F5; Roll overhead message; Utility.Random(1, 8); sound 0x34; serialization layout/versioning; namespace/type/file layout; project files; XML/config/data files.","POST-BATCH-Y gate hits for Dice8.cs=0; active overlay Dice8 matches=0; no gated approval crossed.","NotRequiredForNonGatedTarget","None beyond normal POST-BATCH-Y and active-overlay preflight.","/goal SOURCE-BATCH-033 Dice8 Guard Repair","Yes","2026-06-16T20:31:00-05:00","Implemented and closed in docs/codebase-audit/outputs/source-batch-033-dice8-guard-repair-closeout.md."
"SOURCE-BATCH-INTAKE","SOURCE-BATCH-034","SourceBatchCommitted","InterviewComplete","Add stale/null/mobile/deleted-item guards to Dice10 OnDoubleClick and OnTelekinesis before range checks, particle effects, sound, or Roll(from) dereferences mobile state.","Items:Misc / Games / DandD Dice10","Data/Scripts/Items/Misc/Games/DandD/Dice10.cs","ItemID 0x301B; name and weight; AddNameProperties labels; range 2; telekinesis effects and sound 0x1F5; Roll overhead message; Utility.Random(1, 10); sound 0x34; serialization layout/versioning; namespace/type/file layout; project files; XML/config/data files.","POST-BATCH-Y gate hits for Dice10.cs=0; active overlay Dice10 matches=0; no gated approval crossed.","NotRequiredForNonGatedTarget","None beyond normal POST-BATCH-Y and active-overlay preflight.","/goal SOURCE-BATCH-034 Dice10 Guard Repair","Yes","2026-06-16T20:34:00-05:00","Implemented and closed in docs/codebase-audit/outputs/source-batch-034-dice10-guard-repair-closeout.md."
"SOURCE-BATCH-INTAKE","SOURCE-BATCH-035","SourceBatchCommitted","InterviewComplete","Add stale/null/mobile/deleted-item guards to Dice12 OnDoubleClick and OnTelekinesis before range checks, particle effects, sound, or Roll(from) dereferences mobile state.","Items:Misc / Games / DandD Dice12","Data/Scripts/Items/Misc/Games/DandD/Dice12.cs","ItemID 0x301D; name and weight; AddNameProperties labels; range 2; telekinesis effects and sound 0x1F5; Roll overhead message; Utility.Random(1, 12); sound 0x34; serialization layout/versioning; namespace/type/file layout; project/config/data files.","POST-BATCH-Y gate hits for Dice12.cs=0; active overlay Dice12 matches=0; no gated approval crossed.","NotRequiredForNonGatedTarget","None beyond normal POST-BATCH-Y and active-overlay preflight.","/goal SOURCE-BATCH-035 Dice12 Guard Repair","Yes","2026-06-16T20:39:00-05:00","Implemented and closed in docs/codebase-audit/outputs/source-batch-035-dice12-guard-repair-closeout.md."
"SOURCE-BATCH-INTAKE","SOURCE-BATCH-036","SourceBatchCommitted","InterviewComplete","Add stale/null/mobile/deleted-item guards to Dice20 OnDoubleClick and OnTelekinesis before range checks, particle effects, sound, or Roll(from) dereferences mobile state.","Items:Misc / Games / DandD Dice20","Data/Scripts/Items/Misc/Games/DandD/Dice20.cs","ItemID 0x301A; name and weight; AddNameProperties labels; range 2; telekinesis effects and sound 0x1F5; Roll overhead message; Utility.Random(1, 20); sound 0x34; serialization layout/versioning; namespace/type/file layout; project/config/data files.","POST-BATCH-Y gate hits for Dice20.cs=0; active overlay Dice20 matches=0; no gated approval crossed.","NotRequiredForNonGatedTarget","None beyond normal POST-BATCH-Y and active-overlay preflight.","/goal SOURCE-BATCH-036 Dice20 Guard Repair","Yes","2026-06-16T20:44:00-05:00","Implemented and closed in docs/codebase-audit/outputs/source-batch-036-dice20-guard-repair-closeout.md."
"SOURCE-BATCH-INTAKE","SOURCE-BATCH-037","SourceBatchCommitted","InterviewComplete","Add stale/null/mobile/deleted-item guards to EverlastingBottle OnDoubleClick before assigning thirst, sending messages, or playing sound.","Items:Magical / Artifacts / Minor / EverlastingBottle","Data/Scripts/Items/Magical/Artifacts/Minor/EverlastingBottle.cs","ItemID 0x2827; Hue 0x849; Name Everlasting Bottle; Artefact label; Thirst=20; drink refill message; Utility.RandomList(0x30, 0x2D6); serialization layout/versioning; namespace/type/file layout; project/config/data files.","POST-BATCH-Y gate hits for EverlastingBottle.cs=0; active overlay EverlastingBottle matches=0; no gated approval crossed.","NotRequiredForNonGatedTarget","None beyond normal POST-BATCH-Y and active-overlay preflight.","/goal SOURCE-BATCH-037 EverlastingBottle Guard Repair","Yes","2026-06-16T20:55:00-05:00","Implemented and closed in docs/codebase-audit/outputs/source-batch-037-everlastingbottle-guard-repair-closeout.md."
"SOURCE-BATCH-INTAKE","SOURCE-BATCH-038","SourceBatchCommitted","InterviewComplete","Add stale/null/mobile/deleted-item guards to EverlastingLoaf OnDoubleClick before assigning hunger, sending messages, playing sound, or animating.","Items:Magical / Artifacts / Minor / EverlastingLoaf","Data/Scripts/Items/Magical/Artifacts/Minor/EverlastingLoaf.cs","ItemID 0x136F; Hue 0; Name Everlasting Loaf; Artefact label; Hunger=20; bite/reform message; Utility.Random(0x3A, 3); human/not-mounted animation 34; serialization layout/versioning; namespace/type/file layout; project/config/data files.","POST-BATCH-Y gate hits for EverlastingLoaf.cs=0; active overlay EverlastingLoaf matches=0; no gated approval crossed.","NotRequiredForNonGatedTarget","None beyond normal POST-BATCH-Y and active-overlay preflight.","/goal SOURCE-BATCH-038 EverlastingLoaf Guard Repair","Yes","2026-06-16T20:59:00-05:00","Implemented and closed in docs/codebase-audit/outputs/source-batch-038-everlastingloaf-guard-repair-closeout.md."
"SOURCE-BATCH-INTAKE","SOURCE-BATCH-039","SourceBatchCommitted","InterviewComplete","Add stale/null/mobile/deleted-item guards to MusicBox OnDoubleClick before sending music packets/messages or advancing Mplay state.","Items:Misc / MusicBox","Data/Scripts/Items/Misc/MusicBox.cs","Name Lute of Many Songs; Mplay property; all PlayMusic.GetInstance calls and message labels; Mplay increments and reset to 1; serialization layout/versioning; namespace/type/file layout; project/config/data files.","POST-BATCH-Y gate hits for MusicBox.cs=0; active overlay MusicBox matches=0; no gated approval crossed.","NotRequiredForNonGatedTarget","None beyond normal POST-BATCH-Y and active-overlay preflight.","/goal SOURCE-BATCH-039 MusicBox Guard Repair","Yes","2026-06-16T21:04:00-05:00","Implemented and closed in docs/codebase-audit/outputs/source-batch-039-musicbox-guard-repair-closeout.md."
"SOURCE-BATCH-INTAKE","SOURCE-BATCH-040","SourceBatchCommitted","InterviewComplete","Add stale/null/mobile/deleted-item guards to RewardBlackDyeTub OnDoubleClick before RewardSystem.CheckIsUsableBy or base.OnDoubleClick.","Items:Misc / Dyes / RewardBlackDyeTub","Data/Scripts/Items/Misc/Dyes/RewardBlackDyeTub.cs","LabelNumber 1006008; Hue and DyedHue 0x0001; Redyable false; blessed loot; RewardSystem.CheckIsUsableBy; base.OnDoubleClick; IsRewardItem serialization; namespace/type/file layout; project/config/data files.","POST-BATCH-Y gate hits for RewardBlackDyeTub.cs=0; active overlay RewardBlackDyeTub matches=0; no gated approval crossed.","NotRequiredForNonGatedTarget","None beyond normal POST-BATCH-Y and active-overlay preflight.","/goal SOURCE-BATCH-040 RewardBlackDyeTub Guard Repair","Yes","2026-06-16T21:15:00-05:00","Implemented and closed in docs/codebase-audit/outputs/source-batch-040-rewardblackdyetub-guard-repair-closeout.md."
"SOURCE-BATCH-INTAKE","SOURCE-BATCH-041","SourceBatchCommitted","InterviewComplete","Add stale/null/mobile/deleted-item guards to SpecialDyeTub OnDoubleClick before RewardSystem.CheckIsUsableBy or base.OnDoubleClick.","Items:Misc / Dyes / SpecialDyeTub","Data/Scripts/Items/Misc/Dyes/SpecialDyeTub.cs","CustomHuePicker.SpecialDyeTub; LabelNumber 1041285; blessed loot; RewardSystem.CheckIsUsableBy; base.OnDoubleClick; IsRewardItem serialization; namespace/type/file layout; project/config/data files.","POST-BATCH-Y gate hits for SpecialDyeTub.cs=0; active overlay SpecialDyeTub matches=0; no gated approval crossed.","NotRequiredForNonGatedTarget","None beyond normal POST-BATCH-Y and active-overlay preflight.","/goal SOURCE-BATCH-041 SpecialDyeTub Guard Repair","Yes","2026-06-16T21:19:00-05:00","Implemented and closed in docs/codebase-audit/outputs/source-batch-041-specialdyetub-guard-repair-closeout.md."
"SOURCE-BATCH-INTAKE","SOURCE-BATCH-042","SourceBatchCommitted","InterviewComplete","Add stale/null/mobile/deleted-item guards to LeatherDyeTub OnDoubleClick before RewardSystem.CheckIsUsableBy or base.OnDoubleClick.","Items:Misc / Dyes / LeatherDyeTub","Data/Scripts/Items/Misc/Dyes/LeatherDyeTub.cs","AllowDyables false; AllowLeather true; TargetMessage 1042416; FailMessage 1042418; LabelNumber 1041284; CustomHuePicker.LeatherDyeTub; RewardSystem.CheckIsUsableBy; base.OnDoubleClick; IsRewardItem serialization; namespace/type/file layout; project/config/data files.","POST-BATCH-Y gate hits for LeatherDyeTub.cs=0; active overlay LeatherDyeTub matches=0; no gated approval crossed.","NotRequiredForNonGatedTarget","None beyond normal POST-BATCH-Y and active-overlay preflight.","/goal SOURCE-BATCH-042 LeatherDyeTub Guard Repair","Yes","2026-06-16T21:23:00-05:00","Implemented and closed in docs/codebase-audit/outputs/source-batch-042-leatherdyetub-guard-repair-closeout.md."
"SOURCE-BATCH-INTAKE","SOURCE-BATCH-043+","PendingConcreteSourceTarget","CandidateReadyFromDiscovery","Continue with SB040-CAND-004 / SOURCE-BATCH-043 FurnitureDyeTub Guard Repair if gate/overlay preflight remains clean.","Items:Misc / Dyes / FurnitureDyeTub","Data/Scripts/Items/Misc/Dyes/FurnitureDyeTub.cs","AllowDyables false; AllowFurniture true; TargetMessage 501019; FailMessage 501021; LabelNumber 1041246; RewardSystem.CheckIsUsableBy; base.OnDoubleClick; IsRewardItem serialization; LootType blessed fallback; namespace/type/file layout; project/config/data files.","Discovery evidence: POST-BATCH-Y gate hits for FurnitureDyeTub.cs=0; active overlay FurnitureDyeTub matches=0.","NotRequiredForNonGatedTarget","None beyond normal POST-BATCH-Y and active-overlay preflight.","/goal SOURCE-BATCH-043 FurnitureDyeTub Guard Repair","No","2026-06-16T21:23:00-05:00","Next pending source target from docs/codebase-audit/outputs/source-batch-040-candidate-discovery.csv."
"SOURCE-BATCH-INTAKE","GATED-SOURCE-BATCH-STAFF","BlockedPendingApproval","InterviewCompleteNoApproval","Staff workflow/access changes are not approved.","Staff tooling / Command access","Gate-specific files from post-batch-y-source-change-gate-register.csv","Current staff workflow, command access, generated gump/tool behavior, and event workflow.","POST-BATCH-Y gates remain Staff tooling AcceptedFence=32; Command access AcceptedFence=2.","NotApproved","Explicit approval naming staff tool, command, workflow, access rule, systems/files, and intended policy.","n/a","No","2026-06-15T15:45:07.1199481-05:00","Keep blocked pending explicit approval."
"SOURCE-BATCH-INTAKE","GATED-SOURCE-BATCH-BALANCE","BlockedPendingApproval","InterviewCompleteNoApproval","Economy/reward tuning changes are not approved.","Economy and reward loops","Gate-specific relationships from post-batch-y-source-change-gate-register.csv","Current reward, progression, economy, spawn reward, vendor/economy, crafting/harvest/gardening, and paired-system tuning behavior.","POST-BATCH-Y gates remain Economy and reward loops AcceptedFence=26.","NotApproved","Explicit gameplay/design approval naming relationship/system/reward path and desired tuning policy.","n/a","No","2026-06-15T15:45:07.1199481-05:00","Keep blocked pending explicit approval."
"SOURCE-BATCH-INTAKE","GATED-SOURCE-BATCH-REGION","BlockedPendingApproval","InterviewCompleteNoApproval","Region/map behavior changes are not approved.","Region and map assumptions","Gate-specific files from post-batch-y-source-change-gate-register.csv","Current travel, spawning, PvP, housing, government, vendor, map, and region-precedence behavior.","POST-BATCH-Y gates remain Region and map assumptions AcceptedFence=23.","NotApproved","Explicit policy approval naming region/map behavior and intended precedence or interaction change.","n/a","No","2026-06-15T15:45:07.1199481-05:00","Keep blocked pending explicit approval."
"SOURCE-BATCH-INTAKE","GATED-SOURCE-BATCH-HOUSEFOUNDATION","BlockedPendingApproval","InterviewCompleteNoApproval","HouseFoundation serializer ordering or migration changes are not approved.","Items:Houses / HouseFoundation","Data/Scripts/Items/Houses/HouseFoundation.cs","Current subclass-before-base serializer ordering, save format, old-save compatibility, and serialized type behavior.","POST-BATCH-Y gate remains Save compatibility BlocksOnlyThisDomain=1 for RB-00724.","NotApproved","Explicit save-migration approval choosing preserve-current order, approved conversion, or approved dual-format loader strategy.","n/a","No","2026-06-15T15:45:07.1199481-05:00","Keep blocked pending explicit approval."
"SOURCE-BATCH-INTAKE","GATED-SOURCE-BATCH-REORG","BlockedPendingApproval","InterviewCompleteNoApproval","Folder/namespace/package reorganization changes are not approved.","Folder and namespace cleanup","Gate-specific systems/files from post-batch-y-source-change-gate-register.csv","Current folders, namespaces, type names, project paths, package containment, serialized type locations, and docs source traces.","POST-BATCH-Y gates remain Folder and namespace cleanup BlocksOnlyThisDomain=6.","NotApproved","Explicit reorganization approval naming exact systems/files, namespace/type policy, and rollback expectations.","n/a","No","2026-06-15T15:45:07.1199481-05:00","Keep blocked pending explicit approval."
